ticker,month,last_trade_date,month_end_price
MSFT,2001-08-01 00:00:00+07,2001-08-31,19.6734
AAPL,2005-08-01 00:00:00+07,2005-08-31,1.41113
AAPL,2025-08-01 00:00:00+07,2025-08-29,232.14
MSFT,1994-11-01 00:00:00+07,1994-11-30,2.71296
MSFT,1986-09-01 00:00:00+07,1986-09-30,0.069028
NVDA,2008-05-01 00:00:00+07,2008-05-30,0.566254
AMZN,2025-09-01 00:00:00+07,2025-09-30,219.57
AMZN,2020-05-01 00:00:00+07,2020-05-29,122.118
MSFT,2017-02-01 00:00:00+07,2017-02-28,58.3365
MSFT,1999-07-01 00:00:00+07,1999-07-30,29.5864
NVDA,2014-03-01 00:00:00+07,2014-03-31,0.424177
MSFT,2000-05-01 00:00:00+07,2000-05-31,21.5696
TSLA,2021-11-01 00:00:00+07,2021-11-30,381.587
AAPL,2014-02-01 00:00:00+07,2014-02-28,16.4777
AAPL,2016-11-01 00:00:00+07,2016-11-30,25.5598
AAPL,2011-07-01 00:00:00+07,2011-07-29,11.7512
MSFT,2016-08-01 00:00:00+07,2016-08-31,51.7248
MSFT,2011-07-01 00:00:00+07,2011-07-29,21.3163
AAPL,2006-10-01 00:00:00+07,2006-10-31,2.44031
NVDA,2009-11-01 00:00:00+07,2009-11-30,0.299422
MSFT,2025-10-01 00:00:00+07,2025-10-31,517.81
MSFT,2007-03-01 00:00:00+07,2007-03-30,21.4201
MSFT,1998-04-01 00:00:00+07,1998-04-30,15.5387
MSFT,2022-10-01 00:00:00+07,2022-10-31,227.74
MSFT,2022-06-01 00:00:00+07,2022-06-30,251.44
TSLA,2018-10-01 00:00:00+07,2018-10-31,22.488
AAPL,1995-03-01 00:00:00+07,1995-03-31,0.265148
TSLA,2013-05-01 00:00:00+07,2013-05-31,6.51733
AAPL,2001-12-01 00:00:00+07,2001-12-31,0.329571
AMZN,2024-09-01 00:00:00+07,2024-09-30,186.33
MSFT,2019-04-01 00:00:00+07,2019-04-30,123.646
AAPL,2025-11-01 00:00:00+07,2025-11-19,268.56
AAPL,2001-03-01 00:00:00+07,2001-03-30,0.332204
AMZN,2004-08-01 00:00:00+07,2004-08-31,1.907
AMZN,2006-12-01 00:00:00+07,2006-12-29,1.973
MSFT,1994-01-01 00:00:00+07,1994-01-31,1.83672
AMZN,2003-07-01 00:00:00+07,2003-07-31,2.082
MSFT,1991-06-01 00:00:00+07,1991-06-28,0.976143
MSFT,2017-10-01 00:00:00+07,2017-10-31,76.6826
TSLA,2024-09-01 00:00:00+07,2024-09-30,261.63
NVDA,2000-01-01 00:00:00+07,2000-01-31,0.0708444
NVDA,2001-02-01 00:00:00+07,2001-02-28,0.170814
MSFT,2024-03-01 00:00:00+07,2024-03-28,418.37
MSFT,2013-08-01 00:00:00+07,2013-08-30,27.7031
MSFT,2003-11-01 00:00:00+07,2003-11-28,17.7334
AAPL,1993-02-01 00:00:00+07,1993-02-26,0.398745
AAPL,2015-08-01 00:00:00+07,2015-08-31,25.4001
MSFT,2025-08-01 00:00:00+07,2025-08-29,506.69
AMZN,2018-08-01 00:00:00+07,2018-08-31,100.636
MSFT,2025-07-01 00:00:00+07,2025-07-31,533.5
NVDA,2010-12-01 00:00:00+07,2010-12-31,0.353183
NVDA,2008-07-01 00:00:00+07,2008-07-31,0.262278
AAPL,1997-03-01 00:00:00+07,1997-03-31,0.137221
AAPL,1984-11-01 00:00:00+07,1984-11-30,0.0926865
NVDA,2017-10-01 00:00:00+07,2017-10-31,5.11127
AAPL,2007-12-01 00:00:00+07,2007-12-31,5.9615
NVDA,1999-04-01 00:00:00+07,1999-04-30,0.0348559
AAPL,2002-03-01 00:00:00+07,2002-03-28,0.356289
AAPL,1999-05-01 00:00:00+07,1999-05-28,0.331582
AAPL,2004-04-01 00:00:00+07,2004-04-30,0.387913
MSFT,2012-09-01 00:00:00+07,2012-09-28,23.9466
AAPL,2011-05-01 00:00:00+07,2011-05-31,10.4682
AMZN,2023-01-01 00:00:00+07,2023-01-31,103.13
MSFT,1996-06-01 00:00:00+07,1996-06-28,5.17997
TSLA,2015-07-01 00:00:00+07,2015-07-31,17.7433
MSFT,2001-05-01 00:00:00+07,2001-05-31,23.8563
MSFT,1999-10-01 00:00:00+07,1999-10-29,31.9109
TSLA,2014-03-01 00:00:00+07,2014-03-31,13.8967
AAPL,2013-03-01 00:00:00+07,2013-03-28,13.5171
NVDA,2015-02-01 00:00:00+07,2015-02-27,0.531556
TSLA,2018-09-01 00:00:00+07,2018-09-28,17.6513
MSFT,1994-08-01 00:00:00+07,1994-08-31,2.50528
AAPL,2001-01-01 00:00:00+07,2001-01-31,0.325284
AAPL,2003-03-01 00:00:00+07,2003-03-31,0.212711
AAPL,2016-08-01 00:00:00+07,2016-08-31,24.4157
AAPL,1996-08-01 00:00:00+07,1996-08-30,0.182318
AMZN,2008-10-01 00:00:00+07,2008-10-31,2.862
NVDA,2008-01-01 00:00:00+07,2008-01-31,0.56384
AMZN,2003-11-01 00:00:00+07,2003-11-28,2.6985
AAPL,2020-04-01 00:00:00+07,2020-04-30,71.299
MSFT,2009-05-01 00:00:00+07,2009-05-29,16.0564
AAPL,2009-05-01 00:00:00+07,2009-05-29,4.08688
NVDA,2010-03-01 00:00:00+07,2010-03-31,0.398945
NVDA,2016-01-01 00:00:00+07,2016-01-29,0.714653
AMZN,2012-12-01 00:00:00+07,2012-12-31,12.5435
TSLA,2020-10-01 00:00:00+07,2020-10-30,129.347
AMZN,2024-03-01 00:00:00+07,2024-03-28,180.38
MSFT,2014-10-01 00:00:00+07,2014-10-31,40.0628
TSLA,2017-06-01 00:00:00+07,2017-06-30,24.1073
MSFT,2018-11-01 00:00:00+07,2018-11-30,104.512
NVDA,2015-03-01 00:00:00+07,2015-03-31,0.504157
NVDA,2010-01-01 00:00:00+07,2010-01-29,0.352933
AAPL,2019-07-01 00:00:00+07,2019-07-31,51.2283
MSFT,2016-02-01 00:00:00+07,2016-02-29,45.2024
AMZN,2013-12-01 00:00:00+07,2013-12-31,19.9395
MSFT,1987-08-01 00:00:00+07,1987-08-31,0.284404
TSLA,2014-06-01 00:00:00+07,2014-06-30,16.004
MSFT,2007-10-01 00:00:00+07,2007-10-31,28.2938
MSFT,1992-11-01 00:00:00+07,1992-11-30,2.00569
NVDA,2014-05-01 00:00:00+07,2014-05-30,0.452184
TSLA,2015-04-01 00:00:00+07,2015-04-30,15.07
MSFT,2003-01-01 00:00:00+07,2003-01-31,16.3631
AAPL,2017-09-01 00:00:00+07,2017-09-29,36.085
NVDA,2003-08-01 00:00:00+07,2003-08-29,0.138963
TSLA,2016-04-01 00:00:00+07,2016-04-29,16.0507
MSFT,2021-11-01 00:00:00+07,2021-11-30,322.235
AAPL,2002-11-01 00:00:00+07,2002-11-29,0.23324
NVDA,2023-02-01 00:00:00+07,2023-02-28,23.1992
NVDA,2001-10-01 00:00:00+07,2001-10-31,0.327591
AAPL,1992-09-01 00:00:00+07,1992-09-30,0.339524
NVDA,2024-08-01 00:00:00+07,2024-08-30,119.352
MSFT,2016-04-01 00:00:00+07,2016-04-29,44.3147
AAPL,2018-03-01 00:00:00+07,2018-03-29,39.5915
AAPL,2014-01-01 00:00:00+07,2014-01-31,15.5799
NVDA,2016-02-01 00:00:00+07,2016-02-29,0.767932
AAPL,1998-06-01 00:00:00+07,1998-06-30,0.215794
AAPL,2008-10-01 00:00:00+07,2008-10-31,3.23826
AAPL,1993-04-01 00:00:00+07,1993-04-30,0.38541
TSLA,2025-11-01 00:00:00+07,2025-11-19,403.99
AMZN,2013-07-01 00:00:00+07,2013-07-31,15.061
MSFT,2016-05-01 00:00:00+07,2016-05-31,47.4166
NVDA,2000-10-01 00:00:00+07,2000-10-31,0.237565
AMZN,2008-11-01 00:00:00+07,2008-11-28,2.135
AAPL,1992-10-01 00:00:00+07,1992-10-30,0.394801
NVDA,2011-03-01 00:00:00+07,2011-03-31,0.423178
AAPL,2020-06-01 00:00:00+07,2020-06-30,88.7671
AMZN,2018-04-01 00:00:00+07,2018-04-30,78.3065
MSFT,2022-09-01 00:00:00+07,2022-09-30,228.496
NVDA,2017-12-01 00:00:00+07,2017-12-29,4.78507
NVDA,2015-05-01 00:00:00+07,2015-05-29,0.535712
MSFT,2024-07-01 00:00:00+07,2024-07-31,416.763
AAPL,2016-02-01 00:00:00+07,2016-02-29,21.9925
AMZN,2004-02-01 00:00:00+07,2004-02-27,2.1505
AMZN,2019-02-01 00:00:00+07,2019-02-28,81.9915
MSFT,1994-03-01 00:00:00+07,1994-03-31,1.82936
MSFT,1993-03-01 00:00:00+07,1993-03-31,1.99038
AMZN,2010-08-01 00:00:00+07,2010-08-31,6.2415
AAPL,2014-09-01 00:00:00+07,2014-09-30,22.3176
AAPL,2024-11-01 00:00:00+07,2024-11-29,237.069
MSFT,1987-06-01 00:00:00+07,1987-06-30,0.245924
TSLA,2020-06-01 00:00:00+07,2020-06-30,71.9867
NVDA,2016-05-01 00:00:00+07,2016-05-31,1.14701
MSFT,1995-07-01 00:00:00+07,1995-07-31,3.90438
MSFT,1999-06-01 00:00:00+07,1999-06-30,31.0941
MSFT,1994-12-01 00:00:00+07,1994-12-30,2.63577
NVDA,2005-10-01 00:00:00+07,2005-10-31,0.256336
AAPL,1995-05-01 00:00:00+07,1995-05-31,0.3127
AAPL,2022-10-01 00:00:00+07,2022-10-31,151.326
MSFT,1989-07-01 00:00:00+07,1989-07-31,0.261237
MSFT,2019-06-01 00:00:00+07,2019-06-28,127.288
NVDA,2004-03-01 00:00:00+07,2004-03-31,0.201768
NVDA,2008-02-01 00:00:00+07,2008-02-29,0.490428
AMZN,2023-04-01 00:00:00+07,2023-04-28,105.45
AAPL,2006-05-01 00:00:00+07,2006-05-31,1.79873
AMZN,2000-12-01 00:00:00+07,2000-12-29,0.778
AAPL,2012-02-01 00:00:00+07,2012-02-29,16.3249
MSFT,1995-10-01 00:00:00+07,1995-10-31,4.31141
MSFT,2005-03-01 00:00:00+07,2005-03-31,18.5752
MSFT,2009-08-01 00:00:00+07,2009-08-31,18.9463
MSFT,1986-08-01 00:00:00+07,1986-08-29,0.069028
AAPL,2018-04-01 00:00:00+07,2018-04-30,38.9953
MSFT,2002-08-01 00:00:00+07,2002-08-30,16.9254
TSLA,2019-03-01 00:00:00+07,2019-03-29,18.6573
AMZN,2008-05-01 00:00:00+07,2008-05-30,4.081
NVDA,2012-03-01 00:00:00+07,2012-03-30,0.353183
TSLA,2015-03-01 00:00:00+07,2015-03-31,12.5847
MSFT,1996-11-01 00:00:00+07,1996-11-29,6.763
AMZN,2001-11-01 00:00:00+07,2001-11-30,0.566
MSFT,2007-06-01 00:00:00+07,2007-06-29,22.6495
AMZN,2008-02-01 00:00:00+07,2008-02-29,3.2235
NVDA,2006-03-01 00:00:00+07,2006-03-31,0.437728
AAPL,2023-05-01 00:00:00+07,2023-05-31,175.723
AAPL,2012-11-01 00:00:00+07,2012-11-30,17.7715
NVDA,2009-12-01 00:00:00+07,2009-12-31,0.42831
AAPL,2005-11-01 00:00:00+07,2005-11-30,2.04115
MSFT,1996-04-01 00:00:00+07,1996-04-30,4.88003
AAPL,2025-01-01 00:00:00+07,2025-01-31,235.741
TSLA,2014-01-01 00:00:00+07,2014-01-31,12.094
MSFT,2001-04-01 00:00:00+07,2001-04-30,23.3535
MSFT,2021-06-01 00:00:00+07,2021-06-30,263.064
MSFT,2019-01-01 00:00:00+07,2019-01-31,98.4454
AAPL,2019-03-01 00:00:00+07,2019-03-29,45.4996
AMZN,2017-01-01 00:00:00+07,2017-01-31,41.174
MSFT,2016-09-01 00:00:00+07,2016-09-30,51.851
MSFT,2004-09-01 00:00:00+07,2004-09-30,19.0627
MSFT,2008-10-01 00:00:00+07,2008-10-31,17.1595
AAPL,1992-06-01 00:00:00+07,1992-06-30,0.361147
TSLA,2020-04-01 00:00:00+07,2020-04-30,52.1267
AMZN,2009-03-01 00:00:00+07,2009-03-31,3.672
AAPL,1991-10-01 00:00:00+07,1991-10-31,0.387655
TSLA,2014-02-01 00:00:00+07,2014-02-28,16.3207
AMZN,1999-03-01 00:00:00+07,1999-03-31,4.3045
TSLA,2011-09-01 00:00:00+07,2011-09-30,1.626
MSFT,2001-06-01 00:00:00+07,2001-06-29,25.0382
MSFT,2024-01-01 00:00:00+07,2024-01-31,394.628
MSFT,2023-05-01 00:00:00+07,2023-05-31,324.604
MSFT,2016-03-01 00:00:00+07,2016-03-31,49.0645
AAPL,1985-08-01 00:00:00+07,1985-08-30,0.0562721
AAPL,1995-12-01 00:00:00+07,1995-12-29,0.23988
AMZN,2009-07-01 00:00:00+07,2009-07-31,4.288
AMZN,2016-06-01 00:00:00+07,2016-06-30,35.781
MSFT,2012-12-01 00:00:00+07,2012-12-31,21.6689
MSFT,2002-06-01 00:00:00+07,2002-06-28,18.8597
TSLA,2018-06-01 00:00:00+07,2018-06-29,22.8633
TSLA,2015-08-01 00:00:00+07,2015-08-31,16.604
MSFT,2017-09-01 00:00:00+07,2017-09-29,68.6703
MSFT,2017-11-01 00:00:00+07,2017-11-30,77.9856
AAPL,1996-05-01 00:00:00+07,1996-05-31,0.19651
AMZN,2006-02-01 00:00:00+07,2006-02-28,1.872
AAPL,2023-03-01 00:00:00+07,2023-03-31,163.255
AAPL,1985-04-01 00:00:00+07,1985-04-30,0.0797468
NVDA,2014-07-01 00:00:00+07,2014-07-31,0.416437
MSFT,2013-12-01 00:00:00+07,2013-12-31,31.2692
AAPL,1997-12-01 00:00:00+07,1997-12-31,0.0987078
MSFT,2018-12-01 00:00:00+07,2018-12-31,95.7437
AMZN,2018-02-01 00:00:00+07,2018-02-28,75.6225
MSFT,1987-01-01 00:00:00+07,1987-01-30,0.17672
AMZN,2007-12-01 00:00:00+07,2007-12-31,4.632
AAPL,1986-07-01 00:00:00+07,1986-07-31,0.117333
NVDA,2015-11-01 00:00:00+07,2015-11-30,0.773925
AAPL,2004-10-01 00:00:00+07,2004-10-29,0.7884
AAPL,2009-08-01 00:00:00+07,2009-08-31,5.0623
NVDA,2005-04-01 00:00:00+07,2005-04-29,0.16759
AAPL,2021-05-01 00:00:00+07,2021-05-28,122.104
AMZN,2021-05-01 00:00:00+07,2021-05-28,161.154
AAPL,2015-05-01 00:00:00+07,2015-05-29,29.2103
AMZN,1998-11-01 00:00:00+07,1998-11-30,1.6
AAPL,2022-07-01 00:00:00+07,2022-07-29,160.155
AAPL,2007-01-01 00:00:00+07,2007-01-31,2.57974
AMZN,2017-06-01 00:00:00+07,2017-06-30,48.4
AMZN,2011-12-01 00:00:00+07,2011-12-30,8.655
AMZN,2014-07-01 00:00:00+07,2014-07-31,15.6495
AAPL,2014-06-01 00:00:00+07,2014-06-30,20.4805
AMZN,2025-10-01 00:00:00+07,2025-10-31,244.22
AAPL,2004-01-01 00:00:00+07,2004-01-30,0.339524
AAPL,2022-06-01 00:00:00+07,2022-06-30,134.738
AMZN,2011-04-01 00:00:00+07,2011-04-29,9.7905
MSFT,2006-06-01 00:00:00+07,2006-06-30,17.9052
NVDA,2019-05-01 00:00:00+07,2019-05-31,3.36657
AMZN,2007-06-01 00:00:00+07,2007-06-29,3.4205
MSFT,1991-11-01 00:00:00+07,1991-11-29,1.39893
NVDA,2002-11-01 00:00:00+07,2002-11-29,0.130913
AAPL,1985-09-01 00:00:00+07,1985-09-30,0.0592878
MSFT,1991-03-01 00:00:00+07,1991-03-28,1.0144
AAPL,2015-06-01 00:00:00+07,2015-06-30,28.1261
NVDA,2001-08-01 00:00:00+07,2001-08-31,0.323706
NVDA,2006-08-01 00:00:00+07,2006-08-31,0.445075
AAPL,2024-06-01 00:00:00+07,2024-06-28,209.914
AMZN,2014-11-01 00:00:00+07,2014-11-28,16.932
AAPL,2009-10-01 00:00:00+07,2009-10-30,5.67293
AAPL,1986-03-01 00:00:00+07,1986-03-31,0.105932
MSFT,2009-07-01 00:00:00+07,2009-07-31,18.0731
AAPL,1994-10-01 00:00:00+07,1994-10-31,0.324792
TSLA,2011-04-01 00:00:00+07,2011-04-29,1.84
MSFT,2004-07-01 00:00:00+07,2004-07-30,19.6423
MSFT,2015-03-01 00:00:00+07,2015-03-31,35.1575
AAPL,2010-01-01 00:00:00+07,2010-01-29,5.77948
AAPL,1988-04-01 00:00:00+07,1988-04-29,0.308481
AAPL,1993-10-01 00:00:00+07,1993-10-29,0.231445
TSLA,2022-04-01 00:00:00+07,2022-04-29,290.253
AMZN,2009-08-01 00:00:00+07,2009-08-31,4.0595
AAPL,1989-12-01 00:00:00+07,1989-12-29,0.265148
AMZN,2017-08-01 00:00:00+07,2017-08-31,49.03
AAPL,2014-12-01 00:00:00+07,2014-12-31,24.5577
TSLA,2012-05-01 00:00:00+07,2012-05-31,1.96667
AAPL,2010-08-01 00:00:00+07,2010-08-31,7.31585
AMZN,2011-07-01 00:00:00+07,2011-07-29,11.126
NVDA,2003-07-01 00:00:00+07,2003-07-31,0.145833
AAPL,2023-06-01 00:00:00+07,2023-06-30,192.298
NVDA,2021-03-01 00:00:00+07,2021-03-31,13.3191
NVDA,2013-04-01 00:00:00+07,2013-04-30,0.319704
AAPL,2003-10-01 00:00:00+07,2003-10-31,0.344589
MSFT,2008-04-01 00:00:00+07,2008-04-30,21.921
AAPL,2009-04-01 00:00:00+07,2009-04-30,3.78611
MSFT,2024-04-01 00:00:00+07,2024-04-30,387.155
AMZN,2018-10-01 00:00:00+07,2018-10-31,79.9005
AMZN,2006-03-01 00:00:00+07,2006-03-31,1.8265
AAPL,1988-12-01 00:00:00+07,1988-12-30,0.302767
NVDA,2004-05-01 00:00:00+07,2004-05-28,0.179303
NVDA,2020-06-01 00:00:00+07,2020-06-30,9.46818
AAPL,1992-02-01 00:00:00+07,1992-02-28,0.50773
MSFT,2011-02-01 00:00:00+07,2011-02-28,20.5496
MSFT,1994-04-01 00:00:00+07,1994-04-29,1.99038
AAPL,1988-08-01 00:00:00+07,1988-08-31,0.300055
AAPL,2021-02-01 00:00:00+07,2021-02-26,118.616
TSLA,2011-06-01 00:00:00+07,2011-06-30,1.942
AAPL,1986-04-01 00:00:00+07,1986-04-30,0.113482
MSFT,2020-05-01 00:00:00+07,2020-05-29,176.242
AAPL,2022-03-01 00:00:00+07,2022-03-31,171.822
MSFT,1988-05-01 00:00:00+07,1988-05-31,0.276695
AMZN,2004-12-01 00:00:00+07,2004-12-31,2.2145
MSFT,2019-03-01 00:00:00+07,2019-03-29,111.63
AMZN,2000-10-01 00:00:00+07,2000-10-31,1.831
MSFT,1988-06-01 00:00:00+07,1988-06-30,0.32274
NVDA,2022-01-01 00:00:00+07,2022-01-31,24.4455
AAPL,1985-02-01 00:00:00+07,1985-02-28,0.0926865
AAPL,2003-12-01 00:00:00+07,2003-12-31,0.321657
TSLA,2023-06-01 00:00:00+07,2023-06-30,261.77
AAPL,2005-07-01 00:00:00+07,2005-07-29,1.28331
AAPL,2013-04-01 00:00:00+07,2013-04-30,13.52
MSFT,2010-02-01 00:00:00+07,2010-02-26,22.0347
MSFT,2010-11-01 00:00:00+07,2010-11-30,19.416
MSFT,2009-04-01 00:00:00+07,2009-04-30,15.5699
MSFT,1996-07-01 00:00:00+07,1996-07-31,5.07965
AMZN,2014-04-01 00:00:00+07,2014-04-30,15.2065
MSFT,2015-10-01 00:00:00+07,2015-10-30,46.1185
AAPL,1990-10-01 00:00:00+07,1990-10-31,0.231445
MSFT,2010-06-01 00:00:00+07,2010-06-30,17.6838
AAPL,2013-12-01 00:00:00+07,2013-12-31,17.4591
MSFT,1993-11-01 00:00:00+07,1993-11-30,1.72177
MSFT,1989-09-01 00:00:00+07,1989-09-29,0.330441
AAPL,2017-10-01 00:00:00+07,2017-10-31,39.5847
TSLA,2015-10-01 00:00:00+07,2015-10-30,13.7953
AAPL,2012-05-01 00:00:00+07,2012-05-31,17.3842
MSFT,2009-11-01 00:00:00+07,2009-11-30,22.603
AAPL,1991-02-01 00:00:00+07,1991-02-28,0.430644
AMZN,2022-06-01 00:00:00+07,2022-06-30,106.21
AMZN,1999-02-01 00:00:00+07,1999-02-26,3.203
AAPL,1986-05-01 00:00:00+07,1986-05-30,0.138727
AMZN,2015-03-01 00:00:00+07,2015-03-31,18.605
TSLA,2020-01-01 00:00:00+07,2020-01-31,43.37
AAPL,1994-04-01 00:00:00+07,1994-04-29,0.225689
NVDA,2011-04-01 00:00:00+07,2011-04-29,0.458566
AAPL,1999-04-01 00:00:00+07,1999-04-30,0.346077
AAPL,2015-09-01 00:00:00+07,2015-09-30,24.8504
MSFT,2010-09-01 00:00:00+07,2010-09-30,18.8218
MSFT,1995-02-01 00:00:00+07,1995-02-28,2.71296
AMZN,2020-12-01 00:00:00+07,2020-12-31,162.846
NVDA,2012-12-01 00:00:00+07,2012-12-31,0.28299
NVDA,2012-05-01 00:00:00+07,2012-05-31,0.285076
TSLA,2011-03-01 00:00:00+07,2011-03-31,1.85
MSFT,2023-04-01 00:00:00+07,2023-04-28,303.055
AMZN,2003-02-01 00:00:00+07,2003-02-28,1.1005
TSLA,2019-01-01 00:00:00+07,2019-01-31,20.468
NVDA,2019-02-01 00:00:00+07,2019-02-28,3.82928
NVDA,2022-09-01 00:00:00+07,2022-09-30,12.127
AMZN,2002-04-01 00:00:00+07,2002-04-30,0.8345
AAPL,2021-10-01 00:00:00+07,2021-10-29,147.006
AAPL,1990-02-01 00:00:00+07,1990-02-28,0.255826
AAPL,1989-10-01 00:00:00+07,1989-10-31,0.349724
AAPL,2004-07-01 00:00:00+07,2004-07-30,0.486631
AAPL,1991-11-01 00:00:00+07,1991-11-29,0.381959
AMZN,1998-01-01 00:00:00+07,1998-01-30,0.246
AAPL,2011-12-01 00:00:00+07,2011-12-30,12.1866
MSFT,2017-03-01 00:00:00+07,2017-03-31,60.0488
AMZN,2002-06-01 00:00:00+07,2002-06-28,0.8125
NVDA,2011-06-01 00:00:00+07,2011-06-30,0.365465
MSFT,2004-11-01 00:00:00+07,2004-11-30,20.6037
AAPL,1993-05-01 00:00:00+07,1993-05-28,0.425835
NVDA,2007-12-01 00:00:00+07,2007-12-31,0.780064
AAPL,2023-07-01 00:00:00+07,2023-07-31,194.757
AAPL,1985-11-01 00:00:00+07,1985-11-29,0.0755289
AAPL,2016-05-01 00:00:00+07,2016-05-31,22.8527
MSFT,2010-12-01 00:00:00+07,2010-12-31,21.4533
NVDA,2024-03-01 00:00:00+07,2024-03-28,90.3347
AMZN,2025-03-01 00:00:00+07,2025-03-31,190.26
AAPL,2019-08-01 00:00:00+07,2019-08-30,50.3886
MSFT,2007-04-01 00:00:00+07,2007-04-30,23.0105
NVDA,2009-08-01 00:00:00+07,2009-08-31,0.332965
AAPL,1990-01-01 00:00:00+07,1990-01-31,0.255826
MSFT,2000-03-01 00:00:00+07,2000-03-31,36.6338
MSFT,2006-12-01 00:00:00+07,2006-12-29,22.9486
AAPL,2013-09-01 00:00:00+07,2013-09-30,14.8377
NVDA,2002-03-01 00:00:00+07,2002-03-28,0.339103
MSFT,1991-07-01 00:00:00+07,1991-07-31,1.05305
MSFT,2009-09-01 00:00:00+07,2009-09-30,19.7665
MSFT,2019-11-01 00:00:00+07,2019-11-29,144.81
AMZN,2002-10-01 00:00:00+07,2002-10-31,0.968
AAPL,2020-03-01 00:00:00+07,2020-03-31,61.709
AMZN,1998-06-01 00:00:00+07,1998-06-30,0.831
AAPL,1987-12-01 00:00:00+07,1987-12-31,0.315981
AAPL,2015-07-01 00:00:00+07,2015-07-31,27.1999
MSFT,1989-11-01 00:00:00+07,1989-11-30,0.414994
AAPL,2011-08-01 00:00:00+07,2011-08-31,11.5816
TSLA,2012-04-01 00:00:00+07,2012-04-30,2.20867
MSFT,2013-02-01 00:00:00+07,2013-02-28,22.7394
TSLA,2021-05-01 00:00:00+07,2021-05-28,208.407
TSLA,2022-12-01 00:00:00+07,2022-12-30,123.18
MSFT,2024-11-01 00:00:00+07,2024-11-29,423.46
AAPL,1993-09-01 00:00:00+07,1993-09-30,0.175765
AAPL,2025-09-01 00:00:00+07,2025-09-30,254.63
NVDA,2015-07-01 00:00:00+07,2015-07-31,0.482889
AAPL,1985-10-01 00:00:00+07,1985-10-31,0.0698227
MSFT,1990-03-01 00:00:00+07,1990-03-30,0.530457
MSFT,2021-08-01 00:00:00+07,2021-08-31,293.714
AMZN,2001-02-01 00:00:00+07,2001-02-28,0.5095
MSFT,1987-09-01 00:00:00+07,1987-09-30,0.315117
MSFT,2009-03-01 00:00:00+07,2009-03-31,14.1171
AMZN,2011-05-01 00:00:00+07,2011-05-31,9.8345
AAPL,2021-06-01 00:00:00+07,2021-06-30,134.214
NVDA,2021-09-01 00:00:00+07,2021-09-30,20.6781
AAPL,2009-07-01 00:00:00+07,2009-07-31,4.91696
AAPL,2023-02-01 00:00:00+07,2023-02-28,145.938
MSFT,2001-03-01 00:00:00+07,2001-03-30,18.851
AMZN,2022-11-01 00:00:00+07,2022-11-30,96.54
AAPL,1997-06-01 00:00:00+07,1997-06-30,0.107124
TSLA,2018-07-01 00:00:00+07,2018-07-31,19.876
AMZN,2023-06-01 00:00:00+07,2023-06-30,130.36
AAPL,2008-06-01 00:00:00+07,2008-06-30,5.03955
AAPL,2000-09-01 00:00:00+07,2000-09-29,0.387655
AAPL,1999-09-01 00:00:00+07,1999-09-30,0.476321
MSFT,2006-05-01 00:00:00+07,2006-05-31,17.407
AAPL,2014-08-01 00:00:00+07,2014-08-29,22.7029
AAPL,2021-11-01 00:00:00+07,2021-11-30,162.459
AAPL,2020-01-01 00:00:00+07,2020-01-31,74.9374
AAPL,2012-10-01 00:00:00+07,2012-10-31,17.9933
AMZN,2002-05-01 00:00:00+07,2002-05-31,0.9115
AAPL,2003-11-01 00:00:00+07,2003-11-28,0.31477
AAPL,1991-06-01 00:00:00+07,1991-06-28,0.312375
AAPL,1988-03-01 00:00:00+07,1988-03-31,0.301041
AAPL,2020-02-01 00:00:00+07,2020-02-28,66.3379
NVDA,2025-04-01 00:00:00+07,2025-04-30,108.92
MSFT,2024-05-01 00:00:00+07,2024-05-31,413.555
AAPL,2007-02-01 00:00:00+07,2007-02-28,2.54577
AMZN,2005-04-01 00:00:00+07,2005-04-29,1.618
NVDA,2011-11-01 00:00:00+07,2011-11-30,0.358403
AMZN,2001-01-01 00:00:00+07,2001-01-31,0.8655
NVDA,2005-08-01 00:00:00+07,2005-08-31,0.23457
MSFT,2005-05-01 00:00:00+07,2005-05-31,19.8286
TSLA,2016-05-01 00:00:00+07,2016-05-31,14.882
NVDA,2007-07-01 00:00:00+07,2007-07-31,0.699566
MSFT,2012-11-01 00:00:00+07,2012-11-30,21.588
MSFT,2011-01-01 00:00:00+07,2011-01-31,21.3114
MSFT,1998-03-01 00:00:00+07,1998-03-31,15.433
NVDA,2008-10-01 00:00:00+07,2008-10-31,0.20085
NVDA,2013-02-01 00:00:00+07,2013-02-28,0.293953
NVDA,1999-10-01 00:00:00+07,1999-10-29,0.04218
AAPL,1987-08-01 00:00:00+07,1987-08-31,0.406272
AMZN,2012-02-01 00:00:00+07,2012-02-29,8.9845
TSLA,2015-06-01 00:00:00+07,2015-06-30,17.884
NVDA,2025-01-01 00:00:00+07,2025-01-31,120.07
AMZN,2002-03-01 00:00:00+07,2002-03-28,0.715
AAPL,2006-07-01 00:00:00+07,2006-07-31,2.04543
AAPL,1991-09-01 00:00:00+07,1991-09-30,0.372528
TSLA,2020-02-01 00:00:00+07,2020-02-28,44.5333
AMZN,2001-03-01 00:00:00+07,2001-03-30,0.5115
AMZN,2004-03-01 00:00:00+07,2004-03-31,2.164
AMZN,2008-03-01 00:00:00+07,2008-03-31,3.565
MSFT,1989-12-01 00:00:00+07,1989-12-29,0.414994
TSLA,2013-03-01 00:00:00+07,2013-03-28,2.526
AMZN,2016-09-01 00:00:00+07,2016-09-30,41.8655
AAPL,1999-06-01 00:00:00+07,1999-06-30,0.348483
NVDA,2013-08-01 00:00:00+07,2013-08-30,0.345923
AAPL,2006-08-01 00:00:00+07,2006-08-31,2.04214
NVDA,2010-07-01 00:00:00+07,2010-07-30,0.210684
MSFT,2014-05-01 00:00:00+07,2014-05-30,34.718
AMZN,2017-04-01 00:00:00+07,2017-04-28,46.2495
TSLA,2023-12-01 00:00:00+07,2023-12-29,248.48
AAPL,1995-08-01 00:00:00+07,1995-08-31,0.323551
AMZN,2022-09-01 00:00:00+07,2022-09-30,113
TSLA,2017-11-01 00:00:00+07,2017-11-30,20.5967
NVDA,2023-09-01 00:00:00+07,2023-09-29,43.4829
MSFT,2023-10-01 00:00:00+07,2023-10-31,334.921
NVDA,2023-03-01 00:00:00+07,2023-03-31,27.7615
AAPL,1985-01-01 00:00:00+07,1985-01-31,0.108938
AMZN,2017-11-01 00:00:00+07,2017-11-30,58.8375
AMZN,2018-03-01 00:00:00+07,2018-03-29,72.367
MSFT,2007-05-01 00:00:00+07,2007-05-31,23.5875
AMZN,2003-04-01 00:00:00+07,2003-04-30,1.4345
MSFT,1997-04-01 00:00:00+07,1997-04-30,10.474
AMZN,1999-11-01 00:00:00+07,1999-11-30,4.253
NVDA,2018-12-01 00:00:00+07,2018-12-31,3.31047
NVDA,2001-01-01 00:00:00+07,2001-01-31,0.197415
NVDA,2000-06-01 00:00:00+07,2000-06-30,0.242819
AMZN,2017-12-01 00:00:00+07,2017-12-29,58.4735
AMZN,1998-05-01 00:00:00+07,1998-05-29,0.367
NVDA,2009-02-01 00:00:00+07,2009-02-27,0.189856
AMZN,2008-09-01 00:00:00+07,2008-09-30,3.638
MSFT,1988-02-01 00:00:00+07,1988-02-29,0.284404
NVDA,2018-10-01 00:00:00+07,2018-10-31,5.22309
NVDA,2012-01-01 00:00:00+07,2012-01-31,0.338653
AMZN,2003-09-01 00:00:00+07,2003-09-30,2.4215
AAPL,1989-05-01 00:00:00+07,1989-05-31,0.359243
AAPL,2000-10-01 00:00:00+07,2000-10-31,0.29433
TSLA,2021-02-01 00:00:00+07,2021-02-26,225.167
NVDA,2019-10-01 00:00:00+07,2019-10-31,5.00084
NVDA,2003-12-01 00:00:00+07,2003-12-31,0.177235
TSLA,2023-08-01 00:00:00+07,2023-08-31,258.08
MSFT,2004-05-01 00:00:00+07,2004-05-28,18.0809
MSFT,2021-05-01 00:00:00+07,2021-05-28,242.455
TSLA,2014-04-01 00:00:00+07,2014-04-30,13.8593
TSLA,2021-04-01 00:00:00+07,2021-04-30,236.48
AAPL,1986-11-01 00:00:00+07,1986-11-28,0.150171
MSFT,1990-09-01 00:00:00+07,1990-09-28,0.60697
MSFT,2000-08-01 00:00:00+07,2000-08-31,24.0719
MSFT,1999-12-01 00:00:00+07,1999-12-31,40.2566
AAPL,1996-03-01 00:00:00+07,1996-03-29,0.184782
AAPL,2025-02-01 00:00:00+07,2025-02-28,241.84
AAPL,2014-04-01 00:00:00+07,2014-04-30,18.4753
AAPL,2001-08-01 00:00:00+07,2001-08-31,0.27927
AMZN,1997-05-01 00:00:00+07,1997-05-30,0.075
MSFT,2015-05-01 00:00:00+07,2015-05-29,40.7894
MSFT,1996-08-01 00:00:00+07,1996-08-30,5.27969
NVDA,2024-07-01 00:00:00+07,2024-07-31,117.002
MSFT,1994-05-01 00:00:00+07,1994-05-31,2.3134
MSFT,2011-03-01 00:00:00+07,2011-03-31,19.6267
AAPL,1984-12-01 00:00:00+07,1984-12-31,0.109243
MSFT,2011-04-01 00:00:00+07,2011-04-29,20.0386
TSLA,2024-03-01 00:00:00+07,2024-03-28,175.79
AMZN,2019-04-01 00:00:00+07,2019-04-30,96.326
AAPL,1991-12-01 00:00:00+07,1991-12-31,0.424358
MSFT,1992-09-01 00:00:00+07,1992-09-30,1.73673
AAPL,1999-11-01 00:00:00+07,1999-11-30,0.736366
NVDA,2006-11-01 00:00:00+07,2006-11-30,0.565435
AMZN,2003-03-01 00:00:00+07,2003-03-31,1.3015
MSFT,2012-04-01 00:00:00+07,2012-04-30,25.4215
NVDA,2010-02-01 00:00:00+07,2010-02-26,0.371475
TSLA,2023-09-01 00:00:00+07,2023-09-29,250.22
MSFT,2019-02-01 00:00:00+07,2019-02-28,106.044
AAPL,1993-07-01 00:00:00+07,1993-07-30,0.208848
AAPL,2000-01-01 00:00:00+07,2000-01-31,0.780516
MSFT,2010-05-01 00:00:00+07,2010-05-28,19.8286
NVDA,2010-05-01 00:00:00+07,2010-05-28,0.30122
NVDA,2017-02-01 00:00:00+07,2017-02-28,2.50336
AAPL,1994-08-01 00:00:00+07,1994-08-31,0.272016
NVDA,2009-03-01 00:00:00+07,2009-03-31,0.226062
MSFT,2019-08-01 00:00:00+07,2019-08-30,131.41
MSFT,2019-12-01 00:00:00+07,2019-12-31,150.829
AAPL,2000-12-01 00:00:00+07,2000-12-29,0.223836
MSFT,2003-06-01 00:00:00+07,2003-06-30,17.677
NVDA,2011-12-01 00:00:00+07,2011-12-30,0.317756
MSFT,2007-01-01 00:00:00+07,2007-01-31,23.7147
NVDA,2016-08-01 00:00:00+07,2016-08-31,1.50875
AMZN,2016-10-01 00:00:00+07,2016-10-31,39.491
MSFT,2019-05-01 00:00:00+07,2019-05-31,117.511
TSLA,2012-08-01 00:00:00+07,2012-08-31,1.90133
AAPL,2024-09-01 00:00:00+07,2024-09-30,232.488
MSFT,1996-09-01 00:00:00+07,1996-09-30,5.68711
MSFT,1998-05-01 00:00:00+07,1998-05-29,14.6164
MSFT,2012-10-01 00:00:00+07,2012-10-31,22.9629
MSFT,2005-06-01 00:00:00+07,2005-06-30,19.0868
NVDA,2022-04-01 00:00:00+07,2022-04-29,18.5195
MSFT,1998-07-01 00:00:00+07,1998-07-31,18.953
AAPL,1987-05-01 00:00:00+07,1987-05-29,0.296724
NVDA,2020-01-01 00:00:00+07,2020-01-31,5.8861
MSFT,1987-04-01 00:00:00+07,1987-04-30,0.245924
MSFT,1986-12-01 00:00:00+07,1986-12-31,0.115141
AMZN,2016-02-01 00:00:00+07,2016-02-29,27.626
AAPL,2007-08-01 00:00:00+07,2007-08-31,4.16651
NVDA,2000-08-01 00:00:00+07,2000-08-31,0.303287
NVDA,2019-04-01 00:00:00+07,2019-04-30,4.49329
AMZN,2011-09-01 00:00:00+07,2011-09-30,10.8115
NVDA,2011-07-01 00:00:00+07,2011-07-29,0.317057
AAPL,2006-06-01 00:00:00+07,2006-06-30,1.72345
AAPL,2016-03-01 00:00:00+07,2016-03-31,24.7912
AMZN,2024-02-01 00:00:00+07,2024-02-29,176.76
AAPL,1998-07-01 00:00:00+07,1998-07-31,0.26034
MSFT,2006-10-01 00:00:00+07,2006-10-31,22.0621
TSLA,2016-07-01 00:00:00+07,2016-07-29,15.6527
MSFT,2025-04-01 00:00:00+07,2025-04-30,395.26
AMZN,2005-09-01 00:00:00+07,2005-09-30,2.265
AAPL,1986-09-01 00:00:00+07,1986-09-30,0.125542
AAPL,2015-01-01 00:00:00+07,2015-01-30,26.0655
MSFT,2025-06-01 00:00:00+07,2025-06-30,497.41
MSFT,2013-09-01 00:00:00+07,2013-09-30,27.6035
MSFT,2018-01-01 00:00:00+07,2018-01-31,88.0293
AMZN,2004-11-01 00:00:00+07,2004-11-30,1.984
AMZN,2014-10-01 00:00:00+07,2014-10-31,15.273
AAPL,2013-07-01 00:00:00+07,2013-07-31,13.9105
TSLA,2014-08-01 00:00:00+07,2014-08-29,17.98
AAPL,1996-01-01 00:00:00+07,1996-01-31,0.207899
MSFT,2010-04-01 00:00:00+07,2010-04-30,23.4659
MSFT,1994-02-01 00:00:00+07,1994-02-28,1.77518
NVDA,2008-09-01 00:00:00+07,2008-09-30,0.245613
AAPL,2001-05-01 00:00:00+07,2001-05-31,0.300055
AMZN,2014-09-01 00:00:00+07,2014-09-30,16.122
MSFT,2025-11-01 00:00:00+07,2025-11-19,487.12
MSFT,2022-03-01 00:00:00+07,2022-03-31,301.136
AMZN,2018-12-01 00:00:00+07,2018-12-31,75.0985
MSFT,1992-08-01 00:00:00+07,1992-08-31,1.60622
AAPL,2019-10-01 00:00:00+07,2019-10-31,60.0455
NVDA,2025-10-01 00:00:00+07,2025-10-31,202.49
NVDA,2020-09-01 00:00:00+07,2020-09-30,13.4928
AMZN,2015-09-01 00:00:00+07,2015-09-30,25.5945
NVDA,2010-04-01 00:00:00+07,2010-04-30,0.360142
AMZN,2002-07-01 00:00:00+07,2002-07-31,0.7225
AMZN,2004-04-01 00:00:00+07,2004-04-30,2.18
AMZN,2019-01-01 00:00:00+07,2019-01-31,85.9365
MSFT,2019-07-01 00:00:00+07,2019-07-31,129.486
MSFT,2011-12-01 00:00:00+07,2011-12-30,20.4821
AMZN,2009-01-01 00:00:00+07,2009-01-30,2.941
MSFT,1990-02-01 00:00:00+07,1990-02-28,0.476293
AAPL,2025-10-01 00:00:00+07,2025-10-31,270.37
AMZN,2009-06-01 00:00:00+07,2009-06-30,4.183
AAPL,1989-03-01 00:00:00+07,1989-03-31,0.267858
TSLA,2018-01-01 00:00:00+07,2018-01-31,23.6207
NVDA,2001-07-01 00:00:00+07,2001-07-31,0.30908
NVDA,2020-05-01 00:00:00+07,2020-05-29,8.84379
TSLA,2025-03-01 00:00:00+07,2025-03-31,259.16
NVDA,2006-04-01 00:00:00+07,2006-04-28,0.446643
AAPL,1991-01-01 00:00:00+07,1991-01-31,0.417684
TSLA,2025-04-01 00:00:00+07,2025-04-30,282.16
AAPL,1987-11-01 00:00:00+07,1987-11-30,0.248307
AAPL,1990-06-01 00:00:00+07,1990-06-29,0.336696
MSFT,2006-02-01 00:00:00+07,2006-02-28,20.6503
AMZN,1999-12-01 00:00:00+07,1999-12-31,3.806
AMZN,1999-01-01 00:00:00+07,1999-01-29,2.9235
MSFT,1998-01-01 00:00:00+07,1998-01-30,12.8588
NVDA,2002-06-01 00:00:00+07,2002-06-28,0.131383
AMZN,2000-04-01 00:00:00+07,2000-04-28,2.7595
MSFT,1987-12-01 00:00:00+07,1987-12-31,0.261237
AAPL,1997-04-01 00:00:00+07,1997-04-30,0.127839
AMZN,2022-07-01 00:00:00+07,2022-07-29,134.95
AAPL,1992-12-01 00:00:00+07,1992-12-31,0.449596
TSLA,2018-12-01 00:00:00+07,2018-12-31,22.1867
TSLA,2017-01-01 00:00:00+07,2017-01-31,16.7953
MSFT,2006-04-01 00:00:00+07,2006-04-28,18.5588
MSFT,2008-08-01 00:00:00+07,2008-08-29,20.9725
TSLA,2013-10-01 00:00:00+07,2013-10-31,10.6627
TSLA,2017-04-01 00:00:00+07,2017-04-28,20.938
MSFT,1999-01-01 00:00:00+07,1999-01-29,30.1669
AAPL,2016-09-01 00:00:00+07,2016-09-30,26.0094
AAPL,2001-04-01 00:00:00+07,2001-04-30,0.383398
NVDA,2005-03-01 00:00:00+07,2005-03-31,0.181598
MSFT,1998-02-01 00:00:00+07,1998-02-27,14.6076
MSFT,2002-07-01 00:00:00+07,2002-07-31,16.5408
NVDA,2021-02-01 00:00:00+07,2021-02-26,13.6807
MSFT,1988-11-01 00:00:00+07,1988-11-30,0.222912
AAPL,2009-12-01 00:00:00+07,2009-12-31,6.3413
MSFT,2023-11-01 00:00:00+07,2023-11-30,376.098
AAPL,1994-05-01 00:00:00+07,1994-05-31,0.219974
AAPL,2011-04-01 00:00:00+07,2011-04-29,10.5361
TSLA,2012-11-01 00:00:00+07,2012-11-30,2.25467
MSFT,1995-01-01 00:00:00+07,1995-01-31,2.55927
AMZN,1997-08-01 00:00:00+07,1997-08-29,0.117
AAPL,2020-07-01 00:00:00+07,2020-07-31,103.436
TSLA,2021-08-01 00:00:00+07,2021-08-31,245.24
MSFT,2015-08-01 00:00:00+07,2015-08-31,38.1299
TSLA,2019-05-01 00:00:00+07,2019-05-31,12.344
AAPL,2006-04-01 00:00:00+07,2006-04-28,2.11823
AMZN,2001-04-01 00:00:00+07,2001-04-30,0.789
AAPL,2008-05-01 00:00:00+07,2008-05-30,5.68011
TSLA,2023-02-01 00:00:00+07,2023-02-28,205.71
MSFT,2001-10-01 00:00:00+07,2001-10-31,20.0482
NVDA,2006-01-01 00:00:00+07,2006-01-31,0.343648
AAPL,1989-07-01 00:00:00+07,1989-07-31,0.29913
MSFT,2004-03-01 00:00:00+07,2004-03-31,17.1935
NVDA,2012-11-01 00:00:00+07,2012-11-30,0.276197
MSFT,2012-02-01 00:00:00+07,2012-02-29,25.2018
MSFT,2021-03-01 00:00:00+07,2021-03-31,228.43
NVDA,2022-05-01 00:00:00+07,2022-05-31,18.6443
AAPL,1992-05-01 00:00:00+07,1992-05-29,0.449596
AMZN,2012-04-01 00:00:00+07,2012-04-30,11.595
NVDA,2022-10-01 00:00:00+07,2022-10-31,13.4837
AMZN,2013-03-01 00:00:00+07,2013-03-28,13.3245
TSLA,2014-10-01 00:00:00+07,2014-10-31,16.1133
AAPL,2007-05-01 00:00:00+07,2007-05-31,3.64715
NVDA,2015-12-01 00:00:00+07,2015-12-31,0.80419
AAPL,2019-06-01 00:00:00+07,2019-06-28,47.5918
AAPL,2003-05-01 00:00:00+07,2003-05-30,0.269989
NVDA,2020-10-01 00:00:00+07,2020-10-30,12.4984
AAPL,2004-06-01 00:00:00+07,2004-06-30,0.489607
NVDA,2000-11-01 00:00:00+07,2000-11-30,0.154758
NVDA,2002-05-01 00:00:00+07,2002-05-31,0.25564
AAPL,2001-11-01 00:00:00+07,2001-11-30,0.320505
NVDA,2007-04-01 00:00:00+07,2007-04-30,0.50279
AMZN,2025-02-01 00:00:00+07,2025-02-28,212.28
AAPL,1991-03-01 00:00:00+07,1991-03-28,0.511475
AAPL,2021-12-01 00:00:00+07,2021-12-31,174.514
AMZN,2006-04-01 00:00:00+07,2006-04-28,1.7605
MSFT,1989-10-01 00:00:00+07,1989-10-31,0.391884
MSFT,1991-09-01 00:00:00+07,1991-09-30,1.2756
AMZN,2006-06-01 00:00:00+07,2006-06-30,1.934
MSFT,1997-11-01 00:00:00+07,1997-11-28,12.1957
NVDA,2000-12-01 00:00:00+07,2000-12-29,0.125184
MSFT,1992-05-01 00:00:00+07,1992-05-29,1.73673
MSFT,1986-05-01 00:00:00+07,1986-05-30,0.0845253
TSLA,2019-07-01 00:00:00+07,2019-07-31,16.1073
MSFT,2013-10-01 00:00:00+07,2013-10-31,29.3684
NVDA,2017-07-01 00:00:00+07,2017-07-31,4.01241
MSFT,2016-10-01 00:00:00+07,2016-10-31,53.9422
NVDA,2018-04-01 00:00:00+07,2018-04-30,5.56528
NVDA,2023-01-01 00:00:00+07,2023-01-31,19.5229
NVDA,2000-05-01 00:00:00+07,2000-05-31,0.218034
AMZN,1998-10-01 00:00:00+07,1998-10-30,1.0535
TSLA,2022-03-01 00:00:00+07,2022-03-31,359.2
MSFT,2017-06-01 00:00:00+07,2017-06-30,63.2094
AAPL,1994-07-01 00:00:00+07,1994-07-29,0.25341
AAPL,2002-05-01 00:00:00+07,2002-05-31,0.350593
NVDA,2006-07-01 00:00:00+07,2006-07-31,0.338433
AAPL,2015-03-01 00:00:00+07,2015-03-31,27.7872
MSFT,1999-03-01 00:00:00+07,1999-03-31,30.9018
AMZN,2002-12-01 00:00:00+07,2002-12-31,0.9445
TSLA,2019-04-01 00:00:00+07,2019-04-30,15.9127
MSFT,1995-04-01 00:00:00+07,1995-04-28,3.51986
AMZN,2009-05-01 00:00:00+07,2009-05-29,3.8995
TSLA,2016-03-01 00:00:00+07,2016-03-31,15.318
AAPL,2014-11-01 00:00:00+07,2014-11-28,26.4608
AMZN,2014-03-01 00:00:00+07,2014-03-31,16.818
NVDA,2018-07-01 00:00:00+07,2018-07-31,6.06326
AAPL,2004-02-01 00:00:00+07,2004-02-27,0.359856
MSFT,2022-11-01 00:00:00+07,2022-11-30,251.022
AMZN,2009-10-01 00:00:00+07,2009-10-30,5.9405
AAPL,2009-06-01 00:00:00+07,2009-06-30,4.28615
MSFT,2018-02-01 00:00:00+07,2018-02-28,87.2842
AAPL,2020-10-01 00:00:00+07,2020-10-30,106.149
NVDA,2023-08-01 00:00:00+07,2023-08-31,49.3326
NVDA,2004-08-01 00:00:00+07,2004-08-31,0.0951479
AAPL,1985-06-01 00:00:00+07,1985-06-28,0.0677138
AAPL,2002-02-01 00:00:00+07,2002-02-28,0.326554
AAPL,2003-06-01 00:00:00+07,2003-06-30,0.286761
AMZN,2022-05-01 00:00:00+07,2022-05-31,120.21
AAPL,2011-10-01 00:00:00+07,2011-10-31,12.1809
AAPL,2016-07-01 00:00:00+07,2016-07-29,23.85
NVDA,2018-09-01 00:00:00+07,2018-09-28,6.96172
MSFT,2020-06-01 00:00:00+07,2020-06-30,195.719
MSFT,1995-08-01 00:00:00+07,1995-08-31,3.98866
NVDA,2019-03-01 00:00:00+07,2019-03-29,4.45774
NVDA,2000-07-01 00:00:00+07,2000-07-31,0.229306
TSLA,2015-12-01 00:00:00+07,2015-12-31,16.0007
NVDA,2005-12-01 00:00:00+07,2005-12-30,0.279512
NVDA,2024-12-01 00:00:00+07,2024-12-31,134.29
AAPL,1992-01-01 00:00:00+07,1992-01-31,0.48725
AMZN,2012-06-01 00:00:00+07,2012-06-29,11.4175
AAPL,2005-01-01 00:00:00+07,2005-01-31,1.15711
MSFT,2012-08-01 00:00:00+07,2012-08-31,24.7974
AMZN,1998-03-01 00:00:00+07,1998-03-31,0.3565
AMZN,2019-11-01 00:00:00+07,2019-11-29,90.04
AAPL,2017-02-01 00:00:00+07,2017-02-28,31.8198
MSFT,1987-05-01 00:00:00+07,1987-05-29,0.276695
AAPL,2024-05-01 00:00:00+07,2024-05-31,191.606
AMZN,1997-12-01 00:00:00+07,1997-12-31,0.251
MSFT,2023-01-01 00:00:00+07,2023-01-31,243.81
AAPL,1996-11-01 00:00:00+07,1996-11-29,0.181488
MSFT,1988-09-01 00:00:00+07,1988-09-30,0.253613
NVDA,2022-08-01 00:00:00+07,2022-08-31,15.0747
NVDA,2012-07-01 00:00:00+07,2012-07-31,0.310447
AMZN,2009-11-01 00:00:00+07,2009-11-30,6.7955
MSFT,2000-04-01 00:00:00+07,2000-04-28,24.0468
AAPL,1998-05-01 00:00:00+07,1998-05-29,0.200391
AMZN,2000-03-01 00:00:00+07,2000-03-31,3.35
NVDA,2022-07-01 00:00:00+07,2022-07-29,18.1397
NVDA,2000-09-01 00:00:00+07,2000-09-29,0.312932
AMZN,2016-11-01 00:00:00+07,2016-11-30,37.5285
NVDA,2001-09-01 00:00:00+07,2001-09-28,0.210008
AAPL,1992-07-01 00:00:00+07,1992-07-31,0.351794
AMZN,2011-02-01 00:00:00+07,2011-02-28,8.6645
NVDA,2016-10-01 00:00:00+07,2016-10-31,1.7503
AAPL,1987-10-01 00:00:00+07,1987-10-30,0.290517
AAPL,2012-06-01 00:00:00+07,2012-06-29,17.5745
NVDA,2007-10-01 00:00:00+07,2007-10-31,0.811169
AAPL,2013-02-01 00:00:00+07,2013-02-28,13.4798
TSLA,2013-06-01 00:00:00+07,2013-06-28,7.15733
AAPL,2005-03-01 00:00:00+07,2005-03-31,1.25396
MSFT,2000-06-01 00:00:00+07,2000-06-30,27.5832
AAPL,2005-12-01 00:00:00+07,2005-12-30,2.16347
AMZN,2021-09-01 00:00:00+07,2021-09-30,164.252
AAPL,2022-01-01 00:00:00+07,2022-01-31,171.772
AAPL,2016-04-01 00:00:00+07,2016-04-29,21.3214
NVDA,2015-08-01 00:00:00+07,2015-08-31,0.546412
AMZN,2012-09-01 00:00:00+07,2012-09-28,12.716
AAPL,2024-04-01 00:00:00+07,2024-04-30,169.529
AAPL,1992-11-01 00:00:00+07,1992-11-30,0.432752
AAPL,2004-05-01 00:00:00+07,2004-05-28,0.422169
AAPL,1991-04-01 00:00:00+07,1991-04-30,0.413851
MSFT,2004-10-01 00:00:00+07,2004-10-29,19.2888
AAPL,1997-07-01 00:00:00+07,1997-07-31,0.131831
MSFT,2003-02-01 00:00:00+07,2003-02-28,16.3389
MSFT,1995-06-01 00:00:00+07,1995-06-30,3.89621
AMZN,2008-06-01 00:00:00+07,2008-06-30,3.6665
TSLA,2023-05-01 00:00:00+07,2023-05-31,203.93
MSFT,2013-01-01 00:00:00+07,2013-01-31,22.2705
AAPL,2007-03-01 00:00:00+07,2007-03-30,2.79607
AMZN,2007-03-01 00:00:00+07,2007-03-30,1.9895
MSFT,2005-02-01 00:00:00+07,2005-02-28,19.3374
MSFT,1990-07-01 00:00:00+07,1990-07-31,0.637945
MSFT,2018-06-01 00:00:00+07,2018-06-29,92.1903
MSFT,2008-11-01 00:00:00+07,2008-11-28,15.5387
NVDA,2007-08-01 00:00:00+07,2007-08-31,0.782062
MSFT,2003-08-01 00:00:00+07,2003-08-29,18.2848
MSFT,1992-03-01 00:00:00+07,1992-03-31,1.70614
MSFT,1993-01-01 00:00:00+07,1993-01-29,1.86753
AAPL,1995-06-01 00:00:00+07,1995-06-30,0.349401
NVDA,2002-01-01 00:00:00+07,2002-01-31,0.502291
TSLA,2020-11-01 00:00:00+07,2020-11-30,189.2
AAPL,2002-01-01 00:00:00+07,2002-01-31,0.371908
MSFT,1999-04-01 00:00:00+07,1999-04-30,28.0367
TSLA,2021-07-01 00:00:00+07,2021-07-30,229.067
MSFT,2002-10-01 00:00:00+07,2002-10-31,18.4373
NVDA,1999-07-01 00:00:00+07,1999-07-30,0.0385123
MSFT,2023-06-01 00:00:00+07,2023-06-30,336.616
AMZN,2019-07-01 00:00:00+07,2019-07-31,93.339
MSFT,2005-07-01 00:00:00+07,2005-07-29,19.6823
AMZN,2021-01-01 00:00:00+07,2021-01-29,160.31
NVDA,2003-01-01 00:00:00+07,2003-01-31,0.0788823
TSLA,2024-01-01 00:00:00+07,2024-01-31,187.29
AAPL,1996-07-01 00:00:00+07,1996-07-31,0.165556
NVDA,2006-02-01 00:00:00+07,2006-02-28,0.360142
AAPL,2020-12-01 00:00:00+07,2020-12-31,129.613
AMZN,2015-07-01 00:00:00+07,2015-07-31,26.8075
AMZN,2012-05-01 00:00:00+07,2012-05-31,10.6455
TSLA,2017-08-01 00:00:00+07,2017-08-31,23.7267
AMZN,2021-11-01 00:00:00+07,2021-11-30,175.354
MSFT,1995-05-01 00:00:00+07,1995-05-31,3.65075
AMZN,2021-08-01 00:00:00+07,2021-08-31,173.54
MSFT,2020-10-01 00:00:00+07,2020-10-30,195.211
AMZN,2020-08-01 00:00:00+07,2020-08-31,172.548
MSFT,2023-07-01 00:00:00+07,2023-07-31,332.048
TSLA,2011-02-01 00:00:00+07,2011-02-28,1.59267
AMZN,2013-02-01 00:00:00+07,2013-02-28,13.2135
AMZN,2000-06-01 00:00:00+07,2000-06-30,1.8155
NVDA,2021-04-01 00:00:00+07,2021-04-30,14.9767
MSFT,1997-10-01 00:00:00+07,1997-10-31,11.2054
NVDA,2017-06-01 00:00:00+07,2017-06-30,3.56927
MSFT,2018-03-01 00:00:00+07,2018-03-29,84.9614
AMZN,2012-07-01 00:00:00+07,2012-07-31,11.665
TSLA,2011-11-01 00:00:00+07,2011-11-30,2.18267
AMZN,2004-06-01 00:00:00+07,2004-06-30,2.72
AMZN,2017-02-01 00:00:00+07,2017-02-28,42.252
AMZN,1997-06-01 00:00:00+07,1997-06-30,0.077
MSFT,2011-05-01 00:00:00+07,2011-05-31,19.4616
NVDA,2015-09-01 00:00:00+07,2015-09-30,0.599187
AAPL,1985-12-01 00:00:00+07,1985-12-31,0.0824471
AAPL,2017-07-01 00:00:00+07,2017-07-31,34.6857
AMZN,2022-08-01 00:00:00+07,2022-08-31,126.77
NVDA,2018-01-01 00:00:00+07,2018-01-31,6.07892
AMZN,2013-08-01 00:00:00+07,2013-08-30,14.049
TSLA,2022-02-01 00:00:00+07,2022-02-28,290.143
AAPL,2022-09-01 00:00:00+07,2022-09-30,136.385
NVDA,2004-10-01 00:00:00+07,2004-10-29,0.110506
MSFT,2004-02-01 00:00:00+07,2004-02-27,18.2936
MSFT,2011-08-01 00:00:00+07,2011-08-31,20.8308
AMZN,2000-02-01 00:00:00+07,2000-02-29,3.444
TSLA,2019-11-01 00:00:00+07,2019-11-29,21.996
TSLA,2021-10-01 00:00:00+07,2021-10-29,371.333
AAPL,2008-01-01 00:00:00+07,2008-01-31,4.07407
AAPL,1996-10-01 00:00:00+07,1996-10-31,0.173035
AAPL,2008-07-01 00:00:00+07,2008-07-31,4.78342
AMZN,2015-02-01 00:00:00+07,2015-02-27,19.008
TSLA,2012-10-01 00:00:00+07,2012-10-31,1.8754
TSLA,2025-09-01 00:00:00+07,2025-09-30,444.72
AMZN,2015-06-01 00:00:00+07,2015-06-30,21.7045
TSLA,2012-12-01 00:00:00+07,2012-12-31,2.258
TSLA,2022-07-01 00:00:00+07,2022-07-29,297.15
AMZN,2012-08-01 00:00:00+07,2012-08-31,12.4135
MSFT,2002-12-01 00:00:00+07,2002-12-31,17.8197
MSFT,1998-10-01 00:00:00+07,1998-10-30,18.2528
AMZN,2000-09-01 00:00:00+07,2000-09-29,1.922
AAPL,1990-12-01 00:00:00+07,1990-12-31,0.323551
MSFT,2024-12-01 00:00:00+07,2024-12-31,421.5
MSFT,1996-12-01 00:00:00+07,1996-12-31,7.12438
MSFT,2025-05-01 00:00:00+07,2025-05-30,460.36
AMZN,2016-03-01 00:00:00+07,2016-03-31,29.682
AMZN,2008-08-01 00:00:00+07,2008-08-29,4.0405
AAPL,2009-11-01 00:00:00+07,2009-11-30,6.01559
AMZN,2001-10-01 00:00:00+07,2001-10-31,0.349
AMZN,2000-05-01 00:00:00+07,2000-05-31,2.4155
NVDA,2003-05-01 00:00:00+07,2003-05-30,0.199933
AMZN,2001-08-01 00:00:00+07,2001-08-31,0.447
AMZN,2003-08-01 00:00:00+07,2003-08-29,2.316
AAPL,1997-01-01 00:00:00+07,1997-01-31,0.125248
AAPL,2018-11-01 00:00:00+07,2018-11-30,42.5943
NVDA,2007-01-01 00:00:00+07,2007-01-31,0.468352
AAPL,1997-11-01 00:00:00+07,1997-11-28,0.133595
NVDA,2023-04-01 00:00:00+07,2023-04-28,27.7335
AMZN,2009-02-01 00:00:00+07,2009-02-27,3.2395
TSLA,2024-11-01 00:00:00+07,2024-11-29,345.16
AAPL,2013-10-01 00:00:00+07,2013-10-31,16.2686
NVDA,2024-09-01 00:00:00+07,2024-09-30,121.432
NVDA,2013-12-01 00:00:00+07,2013-12-31,0.377817
AMZN,2016-08-01 00:00:00+07,2016-08-31,38.458
AAPL,2021-08-01 00:00:00+07,2021-08-31,149.007
MSFT,2020-07-01 00:00:00+07,2020-07-31,197.173
NVDA,2022-02-01 00:00:00+07,2022-02-28,24.3448
TSLA,2016-09-01 00:00:00+07,2016-09-30,13.602
AAPL,1987-06-01 00:00:00+07,1987-06-30,0.304166
AAPL,1990-09-01 00:00:00+07,1990-09-28,0.218181
AMZN,2015-05-01 00:00:00+07,2015-05-29,21.4615
AAPL,2022-12-01 00:00:00+07,2022-12-30,128.437
AAPL,2006-01-01 00:00:00+07,2006-01-31,2.27287
MSFT,2025-02-01 00:00:00+07,2025-02-28,396.99
NVDA,2002-04-01 00:00:00+07,2002-04-30,0.265934
AAPL,2010-04-01 00:00:00+07,2010-04-30,7.85731
NVDA,2003-11-01 00:00:00+07,2003-11-28,0.162318
AMZN,2007-01-01 00:00:00+07,2007-01-31,1.8835
AMZN,2025-06-01 00:00:00+07,2025-06-30,219.39
AAPL,2000-02-01 00:00:00+07,2000-02-29,0.862609
AMZN,2022-04-01 00:00:00+07,2022-04-29,124.282
MSFT,2018-09-01 00:00:00+07,2018-09-28,107.335
MSFT,1987-02-01 00:00:00+07,1987-02-27,0.184403
NVDA,2014-02-01 00:00:00+07,2014-02-28,0.435332
MSFT,1986-03-01 00:00:00+07,1986-03-31,0.069028
NVDA,2017-08-01 00:00:00+07,2017-08-31,4.18734
MSFT,2002-01-01 00:00:00+07,2002-01-31,21.9628
AAPL,2000-03-01 00:00:00+07,2000-03-31,1.02156
NVDA,2001-03-01 00:00:00+07,2001-03-30,0.248059
AAPL,1988-11-01 00:00:00+07,1988-11-30,0.282857
MSFT,2020-09-01 00:00:00+07,2020-09-30,202.781
AAPL,1996-04-01 00:00:00+07,1996-04-30,0.183243
NVDA,2007-02-01 00:00:00+07,2007-02-28,0.473842
AAPL,2024-03-01 00:00:00+07,2024-03-28,170.674
MSFT,2023-02-01 00:00:00+07,2023-02-28,246.009
AAPL,2003-02-01 00:00:00+07,2003-02-28,0.225689
MSFT,1988-04-01 00:00:00+07,1988-04-29,0.261237
AMZN,1997-10-01 00:00:00+07,1997-10-31,0.254
NVDA,2016-04-01 00:00:00+07,2016-04-29,0.870071
AAPL,2002-08-01 00:00:00+07,2002-08-30,0.222121
TSLA,2014-11-01 00:00:00+07,2014-11-28,16.3013
MSFT,2018-07-01 00:00:00+07,2018-07-31,99.1478
MSFT,1988-12-01 00:00:00+07,1988-12-30,0.253613
AAPL,2014-10-01 00:00:00+07,2014-10-31,23.9201
AMZN,1998-04-01 00:00:00+07,1998-04-30,0.3825
AMZN,1997-07-01 00:00:00+07,1997-07-31,0.12
AAPL,2014-05-01 00:00:00+07,2014-05-30,19.9308
MSFT,2014-06-01 00:00:00+07,2014-06-30,35.3607
AAPL,1993-03-01 00:00:00+07,1993-03-31,0.387655
AMZN,2001-12-01 00:00:00+07,2001-12-31,0.541
NVDA,2003-04-01 00:00:00+07,2003-04-30,0.109137
AAPL,2022-02-01 00:00:00+07,2022-02-28,162.489
NVDA,2024-02-01 00:00:00+07,2024-02-29,79.0896
TSLA,2011-12-01 00:00:00+07,2011-12-30,1.904
AAPL,2001-09-01 00:00:00+07,2001-09-28,0.23324
MSFT,2017-01-01 00:00:00+07,2017-01-31,58.5894
MSFT,1994-09-01 00:00:00+07,1994-09-30,2.42071
AMZN,2001-06-01 00:00:00+07,2001-06-29,0.7075
TSLA,2020-08-01 00:00:00+07,2020-08-31,166.107
AAPL,2009-02-01 00:00:00+07,2009-02-27,2.68804
AMZN,2005-08-01 00:00:00+07,2005-08-31,2.135
AAPL,2012-01-01 00:00:00+07,2012-01-31,13.7379
NVDA,2019-12-01 00:00:00+07,2019-12-31,5.85806
AMZN,2017-03-01 00:00:00+07,2017-03-31,44.327
AAPL,2018-09-01 00:00:00+07,2018-09-28,53.6576
AMZN,2020-09-01 00:00:00+07,2020-09-30,157.436
NVDA,2012-10-01 00:00:00+07,2012-10-31,0.27465
MSFT,2013-03-01 00:00:00+07,2013-03-28,23.391
AAPL,1996-12-01 00:00:00+07,1996-12-31,0.157119
MSFT,2023-03-01 00:00:00+07,2023-03-31,284.355
MSFT,1986-10-01 00:00:00+07,1986-10-31,0.0922057
TSLA,2010-11-01 00:00:00+07,2010-11-30,2.35533
AAPL,1984-09-01 00:00:00+07,1984-09-28,0.0941941
AAPL,2012-12-01 00:00:00+07,2012-12-31,16.1564
AMZN,2007-08-01 00:00:00+07,2007-08-31,3.9955
AAPL,2004-09-01 00:00:00+07,2004-09-30,0.583219
AMZN,2021-03-01 00:00:00+07,2021-03-31,154.704
MSFT,2015-09-01 00:00:00+07,2015-09-30,38.7813
NVDA,2021-12-01 00:00:00+07,2021-12-31,29.3623
AMZN,2024-01-01 00:00:00+07,2024-01-31,155.2
NVDA,2000-03-01 00:00:00+07,2000-03-31,0.16141
MSFT,1987-03-01 00:00:00+07,1987-03-31,0.230591
AMZN,2020-10-01 00:00:00+07,2020-10-30,151.808
NVDA,2022-11-01 00:00:00+07,2022-11-30,16.9106
TSLA,2022-10-01 00:00:00+07,2022-10-31,227.54
AMZN,2015-12-01 00:00:00+07,2015-12-31,33.7945
AAPL,1990-03-01 00:00:00+07,1990-03-30,0.302767
AMZN,2001-05-01 00:00:00+07,2001-05-31,0.8345
TSLA,2024-10-01 00:00:00+07,2024-10-31,249.85
AMZN,2023-03-01 00:00:00+07,2023-03-31,103.29
AAPL,2000-11-01 00:00:00+07,2000-11-30,0.248307
NVDA,2014-04-01 00:00:00+07,2014-04-30,0.437498
AMZN,2018-07-01 00:00:00+07,2018-07-31,88.872
AMZN,2014-12-01 00:00:00+07,2014-12-31,15.5175
AAPL,1994-12-01 00:00:00+07,1994-12-30,0.293345
AMZN,2004-10-01 00:00:00+07,2004-10-29,1.7065
TSLA,2021-09-01 00:00:00+07,2021-09-30,258.493
NVDA,1999-06-01 00:00:00+07,1999-06-30,0.0364567
NVDA,2003-03-01 00:00:00+07,2003-03-31,0.0983632
AAPL,2012-04-01 00:00:00+07,2012-04-30,17.5735
AAPL,1990-11-01 00:00:00+07,1990-11-30,0.276541
MSFT,1997-09-01 00:00:00+07,1997-09-30,11.4044
AAPL,1993-12-01 00:00:00+07,1993-12-31,0.219974
AMZN,2013-06-01 00:00:00+07,2013-06-28,13.8845
NVDA,2008-12-01 00:00:00+07,2008-12-31,0.185045
MSFT,2003-07-01 00:00:00+07,2003-07-31,18.2129
AAPL,2005-04-01 00:00:00+07,2005-04-29,1.08503
AAPL,1988-05-01 00:00:00+07,1988-05-31,0.312375
AMZN,2016-07-01 00:00:00+07,2016-07-29,37.9405
NVDA,2003-02-01 00:00:00+07,2003-02-28,0.0965259
AMZN,2006-11-01 00:00:00+07,2006-11-30,2.017
AMZN,2018-11-01 00:00:00+07,2018-11-30,84.5085
AMZN,1997-09-01 00:00:00+07,1997-09-30,0.217
AMZN,2002-11-01 00:00:00+07,2002-11-29,1.1675
TSLA,2012-09-01 00:00:00+07,2012-09-28,1.952
NVDA,2013-11-01 00:00:00+07,2013-11-29,0.367883
TSLA,2017-09-01 00:00:00+07,2017-09-29,22.7347
MSFT,1995-03-01 00:00:00+07,1995-03-31,3.06641
NVDA,2011-08-01 00:00:00+07,2011-08-31,0.305134
AAPL,2015-10-01 00:00:00+07,2015-10-30,26.9219
MSFT,2003-03-01 00:00:00+07,2003-03-31,16.6916
NVDA,2009-10-01 00:00:00+07,2009-10-30,0.27418
NVDA,2021-07-01 00:00:00+07,2021-07-30,19.462
MSFT,2009-12-01 00:00:00+07,2009-12-31,23.4262
NVDA,2011-09-01 00:00:00+07,2011-09-30,0.286841
AMZN,1998-09-01 00:00:00+07,1998-09-30,0.93
AAPL,1988-07-01 00:00:00+07,1988-07-29,0.334065
TSLA,2011-10-01 00:00:00+07,2011-10-31,1.958
AAPL,2009-09-01 00:00:00+07,2009-09-30,5.57775
TSLA,2021-03-01 00:00:00+07,2021-03-31,222.643
MSFT,1997-06-01 00:00:00+07,1997-06-30,10.8905
MSFT,2017-04-01 00:00:00+07,2017-04-28,62.4205
NVDA,2020-03-01 00:00:00+07,2020-03-31,6.5664
MSFT,2024-08-01 00:00:00+07,2024-08-30,416.307
NVDA,2010-11-01 00:00:00+07,2010-11-30,0.312063
MSFT,2011-10-01 00:00:00+07,2011-10-31,20.8543
MSFT,1990-01-01 00:00:00+07,1990-01-31,0.445833
AAPL,1987-02-01 00:00:00+07,1987-02-27,0.26243
MSFT,2003-04-01 00:00:00+07,2003-04-30,17.6254
AMZN,2019-03-01 00:00:00+07,2019-03-29,89.0375
AAPL,1994-06-01 00:00:00+07,1994-06-30,0.199261
NVDA,2011-02-01 00:00:00+07,2011-02-28,0.519514
MSFT,1992-06-01 00:00:00+07,1992-06-30,1.50649
AAPL,1986-12-01 00:00:00+07,1986-12-31,0.151995
AAPL,2021-07-01 00:00:00+07,2021-07-30,142.929
MSFT,2014-02-01 00:00:00+07,2014-02-28,32.2587
AMZN,2000-07-01 00:00:00+07,2000-07-31,1.506
NVDA,2001-06-01 00:00:00+07,2001-06-29,0.354452
AMZN,2005-06-01 00:00:00+07,2005-06-30,1.6545
AAPL,1995-09-01 00:00:00+07,1995-09-29,0.280139
MSFT,2023-08-01 00:00:00+07,2023-08-31,324.668
AMZN,2020-06-01 00:00:00+07,2020-06-30,137.941
AMZN,2006-10-01 00:00:00+07,2006-10-31,1.9045
NVDA,2001-11-01 00:00:00+07,2001-11-30,0.417567
MSFT,2025-09-01 00:00:00+07,2025-09-30,517.95
NVDA,2013-09-01 00:00:00+07,2013-09-30,0.364936
AMZN,2015-10-01 00:00:00+07,2015-10-30,31.295
NVDA,2002-07-01 00:00:00+07,2002-07-31,0.0846137
AAPL,1996-02-01 00:00:00+07,1996-02-29,0.206975
MSFT,1996-02-01 00:00:00+07,1996-02-29,4.24986
MSFT,2018-10-01 00:00:00+07,2018-10-31,100.233
AAPL,1986-01-01 00:00:00+07,1986-01-31,0.0866846
TSLA,2024-12-01 00:00:00+07,2024-12-31,403.84
NVDA,2017-01-01 00:00:00+07,2017-01-31,2.68927
AAPL,2017-03-01 00:00:00+07,2017-03-31,33.3669
TSLA,2013-02-01 00:00:00+07,2013-02-28,2.322
AAPL,1991-08-01 00:00:00+07,1991-08-30,0.398745
AMZN,2007-02-01 00:00:00+07,2007-02-28,1.957
AAPL,2015-12-01 00:00:00+07,2015-12-31,23.8177
MSFT,1990-06-01 00:00:00+07,1990-06-29,0.730383
NVDA,2007-03-01 00:00:00+07,2007-03-30,0.439952
MSFT,2019-10-01 00:00:00+07,2019-10-31,136.666
MSFT,2017-12-01 00:00:00+07,2017-12-29,79.2533
NVDA,1999-03-01 00:00:00+07,1999-03-31,0.0403518
TSLA,2012-07-01 00:00:00+07,2012-07-31,1.828
MSFT,2013-05-01 00:00:00+07,2013-05-31,28.752
MSFT,2019-09-01 00:00:00+07,2019-09-30,132.524
TSLA,2011-01-01 00:00:00+07,2011-01-31,1.60667
TSLA,2016-01-01 00:00:00+07,2016-01-29,12.7407
NVDA,2024-11-01 00:00:00+07,2024-11-29,138.24
AMZN,2005-10-01 00:00:00+07,2005-10-31,1.993
AMZN,2020-11-01 00:00:00+07,2020-11-30,158.402
MSFT,2000-09-01 00:00:00+07,2000-09-29,20.7958
AMZN,2017-10-01 00:00:00+07,2017-10-31,55.264
AAPL,2001-06-01 00:00:00+07,2001-06-29,0.349724
NVDA,2021-11-01 00:00:00+07,2021-11-30,32.6173
AMZN,2001-07-01 00:00:00+07,2001-07-31,0.6245
AAPL,2011-02-01 00:00:00+07,2011-02-28,10.6296
AAPL,2006-09-01 00:00:00+07,2006-09-29,2.31672
AMZN,2002-01-01 00:00:00+07,2002-01-31,0.7095
AAPL,2023-01-01 00:00:00+07,2023-01-31,142.632
MSFT,2006-01-01 00:00:00+07,2006-01-31,21.6329
MSFT,1998-08-01 00:00:00+07,1998-08-31,16.5408
NVDA,2005-05-01 00:00:00+07,2005-05-31,0.207021
AAPL,2003-09-01 00:00:00+07,2003-09-30,0.311793
AAPL,1992-04-01 00:00:00+07,1992-04-30,0.452374
AAPL,2019-04-01 00:00:00+07,2019-04-30,48.0687
AMZN,2010-11-01 00:00:00+07,2010-11-30,8.77
AMZN,1999-08-01 00:00:00+07,1999-08-31,3.1095
AAPL,1989-06-01 00:00:00+07,1989-06-30,0.310205
AAPL,1986-08-01 00:00:00+07,1986-08-29,0.138727
AMZN,2023-07-01 00:00:00+07,2023-07-31,133.68
TSLA,2010-06-01 00:00:00+07,2010-06-30,1.58867
TSLA,2025-10-01 00:00:00+07,2025-10-31,456.56
NVDA,2025-11-01 00:00:00+07,2025-11-19,186.52
AAPL,2018-06-01 00:00:00+07,2018-06-29,43.8459
MSFT,2002-02-01 00:00:00+07,2002-02-28,20.1103
AAPL,2002-09-01 00:00:00+07,2002-09-30,0.218181
AAPL,2010-09-01 00:00:00+07,2010-09-30,8.53896
AMZN,2018-09-01 00:00:00+07,2018-09-28,100.15
AAPL,1997-10-01 00:00:00+07,1997-10-31,0.128165
NVDA,2011-05-01 00:00:00+07,2011-05-31,0.459483
NVDA,2005-02-01 00:00:00+07,2005-02-28,0.22148
MSFT,1993-06-01 00:00:00+07,1993-06-30,1.89849
MSFT,2008-06-01 00:00:00+07,2008-06-30,21.1405
NVDA,2010-10-01 00:00:00+07,2010-10-29,0.275597
TSLA,2024-04-01 00:00:00+07,2024-04-30,183.28
TSLA,2011-07-01 00:00:00+07,2011-07-29,1.878
AAPL,1995-02-01 00:00:00+07,1995-02-28,0.297364
AAPL,1990-04-01 00:00:00+07,1990-04-30,0.296449
AAPL,1999-12-01 00:00:00+07,1999-12-31,0.77342
MSFT,2010-01-01 00:00:00+07,2010-01-29,21.6572
MSFT,2008-07-01 00:00:00+07,2008-07-31,19.7665
AMZN,2001-09-01 00:00:00+07,2001-09-28,0.2985
AAPL,2025-07-01 00:00:00+07,2025-07-31,207.57
AMZN,2005-12-01 00:00:00+07,2005-12-30,2.3575
AAPL,1994-02-01 00:00:00+07,1994-02-28,0.274452
AMZN,2013-01-01 00:00:00+07,2013-01-31,13.275
AMZN,2000-01-01 00:00:00+07,2000-01-31,3.228
AMZN,1999-10-01 00:00:00+07,1999-10-29,3.531
AAPL,2010-05-01 00:00:00+07,2010-05-28,7.73007
MSFT,2002-05-01 00:00:00+07,2002-05-31,17.5537
AMZN,2020-04-01 00:00:00+07,2020-04-30,123.7
AMZN,2014-02-01 00:00:00+07,2014-02-28,18.105
AAPL,2011-06-01 00:00:00+07,2011-06-30,10.1014
MSFT,2002-03-01 00:00:00+07,2002-03-28,20.7958
AAPL,2008-04-01 00:00:00+07,2008-04-30,5.23449
AAPL,2012-03-01 00:00:00+07,2012-03-30,18.0416
NVDA,2018-11-01 00:00:00+07,2018-11-30,4.05264
AAPL,2004-03-01 00:00:00+07,2004-03-31,0.406903
MSFT,2016-12-01 00:00:00+07,2016-12-30,56.3176
MSFT,2022-05-01 00:00:00+07,2022-05-31,266.163
NVDA,2017-11-01 00:00:00+07,2017-11-30,4.9634
AMZN,2009-09-01 00:00:00+07,2009-09-30,4.668
TSLA,2012-02-01 00:00:00+07,2012-02-29,2.22733
NVDA,2019-11-01 00:00:00+07,2019-11-29,5.39616
AAPL,2005-09-01 00:00:00+07,2005-09-30,1.61326
AMZN,2006-01-01 00:00:00+07,2006-01-31,2.241
TSLA,2014-12-01 00:00:00+07,2014-12-31,14.8273
MSFT,2014-01-01 00:00:00+07,2014-01-31,31.6268
MSFT,2011-09-01 00:00:00+07,2011-09-30,19.4897
MSFT,1986-07-01 00:00:00+07,1986-07-31,0.069028
MSFT,2004-06-01 00:00:00+07,2004-06-30,19.6918
MSFT,2000-12-01 00:00:00+07,2000-12-29,14.9513
AAPL,2016-01-01 00:00:00+07,2016-01-29,22.0199
MSFT,2009-06-01 00:00:00+07,2009-06-30,18.2682
AMZN,1999-09-01 00:00:00+07,1999-09-30,3.997
AMZN,2010-01-01 00:00:00+07,2010-01-29,6.2705
NVDA,2013-01-01 00:00:00+07,2013-01-31,0.28299
AAPL,1993-11-01 00:00:00+07,1993-11-30,0.23715
AMZN,2003-01-01 00:00:00+07,2003-01-31,1.0925
AMZN,2019-12-01 00:00:00+07,2019-12-31,92.392
MSFT,2005-10-01 00:00:00+07,2005-10-31,19.7509
AAPL,2005-02-01 00:00:00+07,2005-02-28,1.35003
AMZN,2025-07-01 00:00:00+07,2025-07-31,234.11
NVDA,2021-08-01 00:00:00+07,2021-08-31,22.3449
TSLA,2015-09-01 00:00:00+07,2015-09-30,16.56
AAPL,2019-02-01 00:00:00+07,2019-02-28,41.4787
AAPL,1987-07-01 00:00:00+07,1987-07-31,0.309989
MSFT,1991-04-01 00:00:00+07,1991-04-30,0.944974
MSFT,1990-11-01 00:00:00+07,1990-11-30,0.691834
MSFT,2021-02-01 00:00:00+07,2021-02-26,225.136
NVDA,2004-11-01 00:00:00+07,2004-11-30,0.146281
AAPL,2011-09-01 00:00:00+07,2011-09-30,11.4742
NVDA,2011-01-01 00:00:00+07,2011-01-31,0.548442
AAPL,1985-07-01 00:00:00+07,1985-07-31,0.0595734
MSFT,2023-09-01 00:00:00+07,2023-09-29,312.771
MSFT,1995-09-01 00:00:00+07,1995-09-29,3.90438
AMZN,2011-08-01 00:00:00+07,2011-08-31,10.7615
TSLA,2011-08-01 00:00:00+07,2011-08-31,1.64933
MSFT,1993-08-01 00:00:00+07,1993-08-31,1.62144
TSLA,2013-04-01 00:00:00+07,2013-04-30,3.59933
AAPL,2000-08-01 00:00:00+07,2000-08-31,0.916909
AAPL,2011-01-01 00:00:00+07,2011-01-31,10.211
AMZN,2010-09-01 00:00:00+07,2010-09-30,7.853
MSFT,2015-07-01 00:00:00+07,2015-07-31,40.6489
MSFT,1992-01-01 00:00:00+07,1992-01-31,1.72905
AMZN,2022-10-01 00:00:00+07,2022-10-31,102.44
NVDA,1999-01-01 00:00:00+07,1999-01-29,0.0362297
NVDA,2019-08-01 00:00:00+07,2019-08-30,4.16707
AMZN,2023-09-01 00:00:00+07,2023-09-29,127.12
NVDA,2014-06-01 00:00:00+07,2014-06-30,0.441112
AMZN,2000-11-01 00:00:00+07,2000-11-30,1.2345
NVDA,2012-02-01 00:00:00+07,2012-02-29,0.34736
AAPL,1989-04-01 00:00:00+07,1989-04-28,0.293345
AMZN,2013-11-01 00:00:00+07,2013-11-29,19.681
AAPL,2024-07-01 00:00:00+07,2024-07-31,221.336
AAPL,1993-06-01 00:00:00+07,1993-06-30,0.297364
TSLA,2014-09-01 00:00:00+07,2014-09-30,16.1787
AMZN,2024-08-01 00:00:00+07,2024-08-30,178.5
AMZN,2016-04-01 00:00:00+07,2016-04-29,32.9795
TSLA,2024-02-01 00:00:00+07,2024-02-29,201.88
MSFT,2012-03-01 00:00:00+07,2012-03-30,25.6216
NVDA,2015-06-01 00:00:00+07,2015-06-30,0.486782
AAPL,2019-01-01 00:00:00+07,2019-01-31,39.7009
TSLA,2023-11-01 00:00:00+07,2023-11-30,240.08
AMZN,2025-11-01 00:00:00+07,2025-11-19,222.69
AAPL,2021-04-01 00:00:00+07,2021-04-30,128.599
TSLA,2015-05-01 00:00:00+07,2015-05-29,16.72
TSLA,2022-08-01 00:00:00+07,2022-08-31,275.61
AAPL,2017-06-01 00:00:00+07,2017-06-30,33.5917
AAPL,2012-09-01 00:00:00+07,2012-09-28,20.1615
MSFT,2025-03-01 00:00:00+07,2025-03-31,375.39
AAPL,2008-03-01 00:00:00+07,2008-03-31,4.31855
MSFT,2004-04-01 00:00:00+07,2004-04-30,18.018
AMZN,2013-09-01 00:00:00+07,2013-09-30,15.632
NVDA,2004-02-01 00:00:00+07,2004-02-27,0.170124
TSLA,2017-05-01 00:00:00+07,2017-05-31,22.734
MSFT,2005-09-01 00:00:00+07,2005-09-30,19.7744
AMZN,2004-01-01 00:00:00+07,2004-01-30,2.52
AMZN,2021-04-01 00:00:00+07,2021-04-30,173.371
AMZN,2010-07-01 00:00:00+07,2010-07-30,5.8945
AMZN,2006-09-01 00:00:00+07,2006-09-29,1.606
AAPL,1999-08-01 00:00:00+07,1999-08-31,0.490778
MSFT,2022-07-01 00:00:00+07,2022-07-29,274.848
NVDA,2001-12-01 00:00:00+07,2001-12-31,0.511357
NVDA,2018-08-01 00:00:00+07,2018-08-31,6.95323
MSFT,2008-02-01 00:00:00+07,2008-02-29,20.8969
NVDA,2005-07-01 00:00:00+07,2005-07-29,0.206791
MSFT,2013-04-01 00:00:00+07,2013-04-30,27.0769
AAPL,2014-03-01 00:00:00+07,2014-03-31,16.8037
MSFT,2022-02-01 00:00:00+07,2022-02-28,291.84
MSFT,2002-11-01 00:00:00+07,2002-11-29,19.8889
AAPL,1991-07-01 00:00:00+07,1991-07-31,0.347843
NVDA,2014-12-01 00:00:00+07,2014-12-31,0.481181
AMZN,2003-12-01 00:00:00+07,2003-12-31,2.631
NVDA,2022-06-01 00:00:00+07,2022-06-30,15.1397
AMZN,2015-01-01 00:00:00+07,2015-01-30,17.7265
AAPL,2005-10-01 00:00:00+07,2005-10-31,1.73319
MSFT,1988-10-01 00:00:00+07,1988-10-31,0.238322
MSFT,2001-01-01 00:00:00+07,2001-01-31,21.0512
AAPL,2013-08-01 00:00:00+07,2013-08-30,15.163
NVDA,2016-06-01 00:00:00+07,2016-06-30,1.15418
MSFT,2000-02-01 00:00:00+07,2000-02-29,30.8097
AAPL,1995-04-01 00:00:00+07,1995-04-28,0.287648
NVDA,2019-06-01 00:00:00+07,2019-06-28,4.08162
NVDA,2000-04-01 00:00:00+07,2000-04-28,0.170354
AMZN,2011-01-01 00:00:00+07,2011-01-31,8.482
MSFT,1993-09-01 00:00:00+07,1993-09-30,1.77518
AAPL,2007-04-01 00:00:00+07,2007-04-30,3.00341
AAPL,1994-03-01 00:00:00+07,1994-03-31,0.250081
MSFT,1988-03-01 00:00:00+07,1988-03-31,0.269093
MSFT,2017-05-01 00:00:00+07,2017-05-31,64.0425
AAPL,2024-12-01 00:00:00+07,2024-12-31,250.145
NVDA,2015-04-01 00:00:00+07,2015-04-30,0.534682
AAPL,1988-10-01 00:00:00+07,1988-10-31,0.290517
AMZN,1998-12-01 00:00:00+07,1998-12-31,2.677
MSFT,2006-07-01 00:00:00+07,2006-07-31,18.4926
NVDA,2023-12-01 00:00:00+07,2023-12-29,49.508
MSFT,2010-03-01 00:00:00+07,2010-03-31,22.5094
MSFT,1997-12-01 00:00:00+07,1997-12-31,11.1413
TSLA,2015-02-01 00:00:00+07,2015-02-27,13.556
MSFT,2008-09-01 00:00:00+07,2008-09-30,20.5095
NVDA,2013-10-01 00:00:00+07,2013-10-31,0.356209
AMZN,2020-07-01 00:00:00+07,2020-07-31,158.234
AMZN,2025-01-01 00:00:00+07,2025-01-31,237.68
NVDA,2021-01-01 00:00:00+07,2021-01-29,12.9567
AAPL,2008-09-01 00:00:00+07,2008-09-30,3.42029
MSFT,2014-03-01 00:00:00+07,2014-03-31,34.5158
AMZN,2019-08-01 00:00:00+07,2019-08-30,88.8145
NVDA,2002-08-01 00:00:00+07,2002-08-30,0.0772747
NVDA,2012-04-01 00:00:00+07,2012-04-30,0.298065
AMZN,2024-07-01 00:00:00+07,2024-07-31,186.98
MSFT,2025-01-01 00:00:00+07,2025-01-31,415.06
NVDA,2006-09-01 00:00:00+07,2006-09-29,0.452424
AAPL,1989-11-01 00:00:00+07,1989-11-30,0.332774
AMZN,2010-02-01 00:00:00+07,2010-02-26,5.92
MSFT,2006-11-01 00:00:00+07,2006-11-30,22.5649
AMZN,2010-12-01 00:00:00+07,2010-12-31,9
AAPL,1991-05-01 00:00:00+07,1991-05-31,0.353589
NVDA,2021-06-01 00:00:00+07,2021-06-30,19.9633
AAPL,2013-05-01 00:00:00+07,2013-05-31,13.8247
AMZN,2008-07-01 00:00:00+07,2008-07-31,3.817
AAPL,1993-08-01 00:00:00+07,1993-08-31,0.199261
AAPL,2020-05-01 00:00:00+07,2020-05-29,77.3669
TSLA,2025-02-01 00:00:00+07,2025-02-28,292.98
TSLA,2024-07-01 00:00:00+07,2024-07-31,232.07
AAPL,2020-11-01 00:00:00+07,2020-11-30,116.29
AAPL,1998-09-01 00:00:00+07,1998-09-30,0.286761
MSFT,2003-05-01 00:00:00+07,2003-05-30,16.9692
MSFT,2002-04-01 00:00:00+07,2002-04-30,18.018
AAPL,1998-03-01 00:00:00+07,1998-03-31,0.206975
NVDA,2017-05-01 00:00:00+07,2017-05-31,3.56409
AAPL,2015-04-01 00:00:00+07,2015-04-30,27.948
MSFT,1986-04-01 00:00:00+07,1986-04-30,0.0768932
NVDA,2016-07-01 00:00:00+07,2016-07-29,1.40198
MSFT,1999-09-01 00:00:00+07,1999-09-30,31.2243
NVDA,2008-04-01 00:00:00+07,2008-04-30,0.471147
AAPL,2010-06-01 00:00:00+07,2010-06-30,7.56945
MSFT,2012-05-01 00:00:00+07,2012-05-31,23.3333
MSFT,2001-07-01 00:00:00+07,2001-07-31,22.8184
AMZN,2023-12-01 00:00:00+07,2023-12-29,151.94
NVDA,2008-06-01 00:00:00+07,2008-06-30,0.429239
AAPL,1997-08-01 00:00:00+07,1997-08-29,0.163731
AAPL,2023-04-01 00:00:00+07,2023-04-28,167.985
MSFT,2001-11-01 00:00:00+07,2001-11-30,22.1426
AAPL,2018-12-01 00:00:00+07,2018-12-31,37.6255
TSLA,2020-09-01 00:00:00+07,2020-09-30,143.003
AMZN,2025-04-01 00:00:00+07,2025-04-30,184.42
AMZN,2008-01-01 00:00:00+07,2008-01-31,3.885
MSFT,2024-06-01 00:00:00+07,2024-06-28,445.255
NVDA,2020-12-01 00:00:00+07,2020-12-31,13.0216
AMZN,2007-07-01 00:00:00+07,2007-07-31,3.927
MSFT,1998-11-01 00:00:00+07,1998-11-30,21.0357
AMZN,2023-08-01 00:00:00+07,2023-08-31,138.01
AMZN,2020-03-01 00:00:00+07,2020-03-31,97.486
MSFT,2007-09-01 00:00:00+07,2007-09-28,22.6417
AAPL,2019-11-01 00:00:00+07,2019-11-29,64.7028
AAPL,2012-07-01 00:00:00+07,2012-07-31,18.3817
MSFT,1992-04-01 00:00:00+07,1992-04-30,1.58301
AAPL,1987-04-01 00:00:00+07,1987-04-30,0.297364
MSFT,2010-07-01 00:00:00+07,2010-07-30,19.8363
AMZN,2024-04-01 00:00:00+07,2024-04-30,175
AMZN,2012-03-01 00:00:00+07,2012-03-30,10.1255
TSLA,2018-03-01 00:00:00+07,2018-03-29,17.742
NVDA,2017-04-01 00:00:00+07,2017-04-28,2.57255
AAPL,2010-02-01 00:00:00+07,2010-02-26,6.15751
MSFT,1999-11-01 00:00:00+07,1999-11-30,31.3974
AAPL,2016-12-01 00:00:00+07,2016-12-30,26.7858
MSFT,1997-02-01 00:00:00+07,1997-02-28,8.40787
NVDA,1999-05-01 00:00:00+07,1999-05-28,0.0325554
TSLA,2025-07-01 00:00:00+07,2025-07-31,308.27
AAPL,1994-09-01 00:00:00+07,1994-09-30,0.25341
AAPL,2002-07-01 00:00:00+07,2002-07-31,0.229585
AMZN,2006-05-01 00:00:00+07,2006-05-31,1.7305
MSFT,2010-10-01 00:00:00+07,2010-10-29,20.494
TSLA,2022-11-01 00:00:00+07,2022-11-30,194.7
AAPL,2010-07-01 00:00:00+07,2010-07-30,7.74159
MSFT,1992-07-01 00:00:00+07,1992-07-31,1.56776
TSLA,2016-08-01 00:00:00+07,2016-08-31,14.134
NVDA,2020-07-01 00:00:00+07,2020-07-31,10.5813
AMZN,2012-01-01 00:00:00+07,2012-01-31,9.722
MSFT,1989-03-01 00:00:00+07,1989-03-31,0.238322
AAPL,1986-10-01 00:00:00+07,1986-10-31,0.130027
AAPL,1988-06-01 00:00:00+07,1988-06-30,0.347843
NVDA,2006-05-01 00:00:00+07,2006-05-31,0.351287
MSFT,2007-02-01 00:00:00+07,2007-02-28,21.6502
AAPL,2018-01-01 00:00:00+07,2018-01-31,39.3463
AMZN,2007-10-01 00:00:00+07,2007-10-31,4.4575
AAPL,2014-07-01 00:00:00+07,2014-07-31,21.0709
MSFT,1997-07-01 00:00:00+07,1997-07-31,12.1879
MSFT,1993-05-01 00:00:00+07,1993-05-28,1.9983
MSFT,2024-10-01 00:00:00+07,2024-10-31,405.538
AMZN,2024-05-01 00:00:00+07,2024-05-31,176.44
MSFT,2012-01-01 00:00:00+07,2012-01-31,23.3012
MSFT,2018-08-01 00:00:00+07,2018-08-31,105.409
TSLA,2011-05-01 00:00:00+07,2011-05-31,2.00933
AMZN,2009-12-01 00:00:00+07,2009-12-31,6.726
NVDA,2004-06-01 00:00:00+07,2004-06-30,0.156356
NVDA,2014-01-01 00:00:00+07,2014-01-31,0.370227
NVDA,2005-01-01 00:00:00+07,2005-01-31,0.17517
MSFT,2006-03-01 00:00:00+07,2006-03-31,20.9113
AAPL,2013-01-01 00:00:00+07,2013-01-31,13.8287
AMZN,2004-05-01 00:00:00+07,2004-05-28,2.425
MSFT,2000-07-01 00:00:00+07,2000-07-31,24.0719
AMZN,2008-12-01 00:00:00+07,2008-12-31,2.564
AMZN,2019-06-01 00:00:00+07,2019-06-28,94.6815
TSLA,2023-01-01 00:00:00+07,2023-01-31,173.22
TSLA,2013-12-01 00:00:00+07,2013-12-31,10.0287
MSFT,1994-07-01 00:00:00+07,1994-07-29,2.22087
NVDA,2014-10-01 00:00:00+07,2014-10-31,0.467024
AMZN,2009-04-01 00:00:00+07,2009-04-30,4.026
MSFT,1997-05-01 00:00:00+07,1997-05-30,10.6907
AMZN,2025-05-01 00:00:00+07,2025-05-30,205.01
TSLA,2013-09-01 00:00:00+07,2013-09-30,12.8913
MSFT,2018-04-01 00:00:00+07,2018-04-30,87.0545
AAPL,2017-05-01 00:00:00+07,2017-05-31,35.6259
AAPL,2007-10-01 00:00:00+07,2007-10-31,5.71657
MSFT,2005-08-01 00:00:00+07,2005-08-31,21.0446
NVDA,2007-11-01 00:00:00+07,2007-11-30,0.72311
AAPL,1995-01-01 00:00:00+07,1995-01-31,0.303917
MSFT,1993-12-01 00:00:00+07,1993-12-31,1.73673
AMZN,2012-10-01 00:00:00+07,2012-10-31,11.6445
MSFT,2013-06-01 00:00:00+07,2013-06-28,28.4542
MSFT,2004-08-01 00:00:00+07,2004-08-31,18.8218
NVDA,2023-10-01 00:00:00+07,2023-10-31,40.7649
TSLA,2013-08-01 00:00:00+07,2013-08-30,11.2667
MSFT,1988-01-01 00:00:00+07,1988-01-29,0.269093
TSLA,2023-04-01 00:00:00+07,2023-04-28,164.31
MSFT,1999-05-01 00:00:00+07,1999-05-28,27.8171
NVDA,2004-07-01 00:00:00+07,2004-07-30,0.117854
MSFT,2015-11-01 00:00:00+07,2015-11-30,47.9401
NVDA,2007-05-01 00:00:00+07,2007-05-31,0.52945
MSFT,2016-01-01 00:00:00+07,2016-01-29,48.5485
NVDA,2005-11-01 00:00:00+07,2005-11-30,0.276277
AMZN,2021-06-01 00:00:00+07,2021-06-30,172.008
TSLA,2020-03-01 00:00:00+07,2020-03-31,34.9333
TSLA,2018-02-01 00:00:00+07,2018-02-28,22.8707
AAPL,2011-03-01 00:00:00+07,2011-03-31,10.4866
AMZN,2010-06-01 00:00:00+07,2010-06-30,5.463
AAPL,1996-09-01 00:00:00+07,1996-09-30,0.166696
MSFT,2014-11-01 00:00:00+07,2014-11-28,41.0533
AAPL,1988-09-01 00:00:00+07,1988-09-30,0.325284
TSLA,2019-02-01 00:00:00+07,2019-02-28,21.3253
MSFT,2007-08-01 00:00:00+07,2007-08-31,22.0776
MSFT,2009-02-01 00:00:00+07,2009-02-27,12.4113
MSFT,1990-05-01 00:00:00+07,1990-05-31,0.699214
AAPL,2009-03-01 00:00:00+07,2009-03-31,3.16346
AAPL,2000-04-01 00:00:00+07,2000-04-28,0.933565
AAPL,2021-03-01 00:00:00+07,2021-03-31,119.491
NVDA,2025-07-01 00:00:00+07,2025-07-31,177.87
NVDA,2025-08-01 00:00:00+07,2025-08-29,174.18
AAPL,2023-09-01 00:00:00+07,2023-09-29,169.965
TSLA,2017-12-01 00:00:00+07,2017-12-29,20.7567
MSFT,1990-08-01 00:00:00+07,1990-08-31,0.591821
MSFT,1991-12-01 00:00:00+07,1991-12-31,1.59836
MSFT,1989-02-01 00:00:00+07,1989-02-28,0.284404
TSLA,2017-10-01 00:00:00+07,2017-10-31,22.102
TSLA,2016-11-01 00:00:00+07,2016-11-30,12.6267
AMZN,2011-11-01 00:00:00+07,2011-11-30,9.6145
MSFT,2014-09-01 00:00:00+07,2014-09-30,39.5597
TSLA,2020-12-01 00:00:00+07,2020-12-31,235.223
AAPL,1989-02-01 00:00:00+07,1989-02-28,0.27262
AAPL,2021-09-01 00:00:00+07,2021-09-30,138.857
AAPL,1996-06-01 00:00:00+07,1996-06-28,0.158026
NVDA,1999-08-01 00:00:00+07,1999-08-31,0.0536499
AMZN,2002-08-01 00:00:00+07,2002-08-30,0.747
MSFT,2014-08-01 00:00:00+07,2014-08-29,38.7677
NVDA,2023-11-01 00:00:00+07,2023-11-30,46.7527
NVDA,2016-12-01 00:00:00+07,2016-12-30,2.62948
MSFT,2020-04-01 00:00:00+07,2020-04-30,171.878
NVDA,2009-01-01 00:00:00+07,2009-01-30,0.182276
AAPL,1993-01-01 00:00:00+07,1993-01-29,0.447813
AAPL,1995-07-01 00:00:00+07,1995-07-31,0.33853
NVDA,2002-09-01 00:00:00+07,2002-09-30,0.0653525
MSFT,1998-06-01 00:00:00+07,1998-06-30,18.6822
MSFT,2005-04-01 00:00:00+07,2005-04-29,19.4442
AMZN,2015-11-01 00:00:00+07,2015-11-30,33.24
AMZN,2020-01-01 00:00:00+07,2020-01-31,100.436
MSFT,2017-08-01 00:00:00+07,2017-08-31,68.9558
AAPL,1999-01-01 00:00:00+07,1999-01-29,0.309645
AAPL,2002-10-01 00:00:00+07,2002-10-31,0.24192
AAPL,1985-03-01 00:00:00+07,1985-03-29,0.083058
AMZN,2007-04-01 00:00:00+07,2007-04-30,3.0665
AAPL,2001-10-01 00:00:00+07,2001-10-31,0.264241
MSFT,2021-07-01 00:00:00+07,2021-07-30,276.668
NVDA,2007-06-01 00:00:00+07,2007-06-29,0.631456
AMZN,2019-10-01 00:00:00+07,2019-10-31,88.833
AMZN,2005-05-01 00:00:00+07,2005-05-31,1.7755
AMZN,2011-06-01 00:00:00+07,2011-06-30,10.2245
NVDA,2005-06-01 00:00:00+07,2005-06-30,0.204285
MSFT,2021-12-01 00:00:00+07,2021-12-31,327.822
NVDA,2025-03-01 00:00:00+07,2025-03-31,108.38
MSFT,2014-12-01 00:00:00+07,2014-12-31,39.8869
AAPL,1998-08-01 00:00:00+07,1998-08-31,0.23443
MSFT,1989-04-01 00:00:00+07,1989-04-28,0.269093
MSFT,1994-10-01 00:00:00+07,1994-10-31,2.71296
TSLA,2019-09-01 00:00:00+07,2019-09-30,16.058
AAPL,2010-11-01 00:00:00+07,2010-11-30,9.36423
MSFT,1988-07-01 00:00:00+07,1988-07-29,0.284404
NVDA,2017-03-01 00:00:00+07,2017-03-31,2.68657
MSFT,1997-03-01 00:00:00+07,1997-03-31,7.90072
NVDA,2002-12-01 00:00:00+07,2002-12-31,0.0880387
NVDA,2014-09-01 00:00:00+07,2014-09-30,0.440932
AAPL,1998-10-01 00:00:00+07,1998-10-30,0.27927
TSLA,2016-02-01 00:00:00+07,2016-02-29,12.7953
AMZN,2019-09-01 00:00:00+07,2019-09-30,86.7955
MSFT,1994-06-01 00:00:00+07,1994-06-30,2.22883
TSLA,2017-03-01 00:00:00+07,2017-03-31,18.5533
AAPL,1987-09-01 00:00:00+07,1987-09-30,0.424999
AMZN,2005-07-01 00:00:00+07,2005-07-29,2.2575
AAPL,2006-03-01 00:00:00+07,2006-03-31,1.88752
AMZN,2007-05-01 00:00:00+07,2007-05-31,3.457
AMZN,2005-02-01 00:00:00+07,2005-02-28,1.759
MSFT,2006-09-01 00:00:00+07,2006-09-29,21.019
NVDA,2024-06-01 00:00:00+07,2024-06-28,123.52
NVDA,1999-09-01 00:00:00+07,1999-09-30,0.0366834
AAPL,1994-01-01 00:00:00+07,1994-01-31,0.246404
NVDA,2003-09-01 00:00:00+07,2003-09-30,0.121988
AAPL,2007-09-01 00:00:00+07,2007-09-28,4.61806
NVDA,2018-02-01 00:00:00+07,2018-02-28,5.98837
AAPL,2020-09-01 00:00:00+07,2020-09-30,112.918
MSFT,2022-08-01 00:00:00+07,2022-08-31,256.527
TSLA,2021-01-01 00:00:00+07,2021-01-29,264.51
NVDA,2009-06-01 00:00:00+07,2009-06-30,0.258854
MSFT,2011-06-01 00:00:00+07,2011-06-30,20.2263
NVDA,2018-06-01 00:00:00+07,2018-06-29,5.86605
NVDA,2013-06-01 00:00:00+07,2013-06-28,0.327591
TSLA,2024-08-01 00:00:00+07,2024-08-30,214.11
MSFT,1990-12-01 00:00:00+07,1990-12-31,0.722519
AAPL,2001-02-01 00:00:00+07,2001-02-28,0.274452
AMZN,2012-11-01 00:00:00+07,2012-11-30,12.6025
MSFT,2018-05-01 00:00:00+07,2018-05-31,92.4031
MSFT,1991-08-01 00:00:00+07,1991-08-30,1.22201
MSFT,2020-11-01 00:00:00+07,2020-11-30,206.921
NVDA,2002-02-01 00:00:00+07,2002-02-28,0.38974
AAPL,2023-10-01 00:00:00+07,2023-10-31,169.527
TSLA,2015-11-01 00:00:00+07,2015-11-30,15.3507
TSLA,2010-08-01 00:00:00+07,2010-08-31,1.29867
AAPL,2024-02-01 00:00:00+07,2024-02-29,179.9
AAPL,2018-05-01 00:00:00+07,2018-05-31,44.2608
NVDA,2013-07-01 00:00:00+07,2013-07-31,0.336957
NVDA,2003-10-01 00:00:00+07,2003-10-31,0.135048
AAPL,2008-11-01 00:00:00+07,2008-11-28,2.78857
MSFT,2002-09-01 00:00:00+07,2002-09-30,15.0788
AMZN,2005-03-01 00:00:00+07,2005-03-31,1.7135
AAPL,1992-08-01 00:00:00+07,1992-08-31,0.346077
AMZN,2010-10-01 00:00:00+07,2010-10-29,8.2615
AAPL,2002-06-01 00:00:00+07,2002-06-28,0.266578
MSFT,1992-02-01 00:00:00+07,1992-02-28,1.77518
MSFT,1997-08-01 00:00:00+07,1997-08-29,11.3966
TSLA,2021-06-01 00:00:00+07,2021-06-30,226.567
MSFT,2000-11-01 00:00:00+07,2000-11-30,19.7804
AMZN,2019-05-01 00:00:00+07,2019-05-31,88.7535
AMZN,2007-11-01 00:00:00+07,2007-11-30,4.528
MSFT,2021-09-01 00:00:00+07,2021-09-30,274.296
NVDA,2013-05-01 00:00:00+07,2013-05-31,0.337757
NVDA,2006-10-01 00:00:00+07,2006-10-31,0.533133
AMZN,2005-11-01 00:00:00+07,2005-11-30,2.423
AAPL,2006-02-01 00:00:00+07,2006-02-28,2.06108
AAPL,1989-01-01 00:00:00+07,1989-01-31,0.28408
MSFT,2001-12-01 00:00:00+07,2001-12-31,22.8369
MSFT,1991-02-01 00:00:00+07,1991-02-28,0.991478
AAPL,1988-01-01 00:00:00+07,1988-01-29,0.312375
AAPL,1998-01-01 00:00:00+07,1998-01-30,0.13786
NVDA,2009-04-01 00:00:00+07,2009-04-30,0.263227
MSFT,2003-10-01 00:00:00+07,2003-10-31,18.0227
AAPL,2000-05-01 00:00:00+07,2000-05-31,0.632
MSFT,1989-08-01 00:00:00+07,1989-08-31,0.284404
AAPL,2018-10-01 00:00:00+07,2018-10-31,52.0227
AMZN,1999-04-01 00:00:00+07,1999-04-30,4.3015
MSFT,1989-01-01 00:00:00+07,1989-01-31,0.284404
AMZN,2003-06-01 00:00:00+07,2003-06-30,1.816
AAPL,2007-11-01 00:00:00+07,2007-11-30,5.48342
AMZN,2014-08-01 00:00:00+07,2014-08-29,16.952
AAPL,2023-08-01 00:00:00+07,2023-08-31,186.504
TSLA,2025-08-01 00:00:00+07,2025-08-29,333.87
TSLA,2023-10-01 00:00:00+07,2023-10-31,200.84
AAPL,1990-05-01 00:00:00+07,1990-05-31,0.310205
AAPL,2025-03-01 00:00:00+07,2025-03-31,222.13
MSFT,2020-03-01 00:00:00+07,2020-03-31,151.258
NVDA,2012-09-01 00:00:00+07,2012-09-28,0.305784
MSFT,2016-11-01 00:00:00+07,2016-11-30,54.6112
NVDA,2016-11-01 00:00:00+07,2016-11-30,2.27119
TSLA,2019-08-01 00:00:00+07,2019-08-30,15.0407
MSFT,2015-01-01 00:00:00+07,2015-01-30,34.6947
AAPL,2015-02-01 00:00:00+07,2015-02-27,28.6861
NVDA,2015-01-01 00:00:00+07,2015-01-30,0.460781
AAPL,2003-01-01 00:00:00+07,2003-01-31,0.216091
AMZN,2024-06-01 00:00:00+07,2024-06-28,193.25
AAPL,2020-08-01 00:00:00+07,2020-08-31,125.829
MSFT,2014-04-01 00:00:00+07,2014-04-30,34.0178
NVDA,2018-05-01 00:00:00+07,2018-05-31,6.24429
AAPL,2010-03-01 00:00:00+07,2010-03-31,7.07215
MSFT,2021-01-01 00:00:00+07,2021-01-29,224.23
AMZN,2002-02-01 00:00:00+07,2002-02-28,0.705
NVDA,2007-09-01 00:00:00+07,2007-09-28,0.830901
MSFT,2008-05-01 00:00:00+07,2008-05-30,21.7668
MSFT,2008-03-01 00:00:00+07,2008-03-31,21.8085
MSFT,2001-09-01 00:00:00+07,2001-09-28,17.6451
MSFT,1997-01-01 00:00:00+07,1997-01-31,8.7911
AMZN,2023-10-01 00:00:00+07,2023-10-31,133.09
AAPL,1987-03-01 00:00:00+07,1987-03-31,0.24192
MSFT,2006-08-01 00:00:00+07,2006-08-31,19.7509
AMZN,2013-05-01 00:00:00+07,2013-05-31,13.46
MSFT,2020-08-01 00:00:00+07,2020-08-31,217.421
TSLA,2012-06-01 00:00:00+07,2012-06-29,2.086
MSFT,2003-12-01 00:00:00+07,2003-12-31,18.8762
AMZN,1999-05-01 00:00:00+07,1999-05-28,2.969
AAPL,2019-05-01 00:00:00+07,2019-05-31,42.0996
TSLA,2012-03-01 00:00:00+07,2012-03-30,2.48267
AAPL,2021-01-01 00:00:00+07,2021-01-29,128.894
AAPL,2017-04-01 00:00:00+07,2017-04-28,33.365
NVDA,2013-03-01 00:00:00+07,2013-03-28,0.297865
AMZN,2024-10-01 00:00:00+07,2024-10-31,186.4
MSFT,1999-08-01 00:00:00+07,1999-08-31,31.9109
TSLA,2013-11-01 00:00:00+07,2013-11-29,8.48533
AAPL,2018-07-01 00:00:00+07,2018-07-31,45.071
AMZN,2010-03-01 00:00:00+07,2010-03-31,6.7885
MSFT,2011-11-01 00:00:00+07,2011-11-30,20.1815
AAPL,2010-12-01 00:00:00+07,2010-12-31,9.70719
MSFT,2013-07-01 00:00:00+07,2013-07-31,26.2263
TSLA,2012-01-01 00:00:00+07,2012-01-31,1.938
NVDA,2005-09-01 00:00:00+07,2005-09-30,0.262029
NVDA,2002-10-01 00:00:00+07,2002-10-31,0.091014
AMZN,2024-12-01 00:00:00+07,2024-12-31,219.39
MSFT,2003-09-01 00:00:00+07,2003-09-30,19.1674
MSFT,1996-05-01 00:00:00+07,1996-05-31,5.1183
MSFT,1996-01-01 00:00:00+07,1996-01-31,3.98866
MSFT,1991-05-01 00:00:00+07,1991-05-31,1.05305
NVDA,2014-11-01 00:00:00+07,2014-11-28,0.503308
AAPL,1985-05-01 00:00:00+07,1985-05-31,0.0652894
AMZN,2021-10-01 00:00:00+07,2021-10-29,168.622
AMZN,2023-05-01 00:00:00+07,2023-05-31,120.58
MSFT,2024-02-01 00:00:00+07,2024-02-29,411.329
AMZN,2018-01-01 00:00:00+07,2018-01-31,72.5445
NVDA,2024-04-01 00:00:00+07,2024-04-30,86.3815
AMZN,2022-12-01 00:00:00+07,2022-12-30,84
MSFT,2013-11-01 00:00:00+07,2013-11-29,31.8679
AAPL,2010-10-01 00:00:00+07,2010-10-29,9.05753
AMZN,2014-06-01 00:00:00+07,2014-06-30,16.239
AMZN,2007-09-01 00:00:00+07,2007-09-28,4.6575
TSLA,2010-10-01 00:00:00+07,2010-10-29,1.456
MSFT,2009-01-01 00:00:00+07,2009-01-30,13.1414
TSLA,2019-10-01 00:00:00+07,2019-10-31,20.9947
NVDA,2004-04-01 00:00:00+07,2004-04-30,0.156826
TSLA,2023-03-01 00:00:00+07,2023-03-31,207.46
MSFT,2000-10-01 00:00:00+07,2000-10-31,23.7466
AAPL,1990-08-01 00:00:00+07,1990-08-31,0.278324
TSLA,2017-02-01 00:00:00+07,2017-02-28,16.666
MSFT,1990-10-01 00:00:00+07,1990-10-31,0.60697
AMZN,2022-01-01 00:00:00+07,2022-01-31,149.574
AAPL,1986-02-01 00:00:00+07,1986-02-28,0.0939084
NVDA,2017-09-01 00:00:00+07,2017-09-29,4.41811
NVDA,2025-09-01 00:00:00+07,2025-09-30,186.58
TSLA,2024-06-01 00:00:00+07,2024-06-28,197.88
NVDA,2016-03-01 00:00:00+07,2016-03-31,0.872537
AAPL,2019-09-01 00:00:00+07,2019-09-30,54.0608
MSFT,1987-11-01 00:00:00+07,1987-11-30,0.215211
TSLA,2023-07-01 00:00:00+07,2023-07-31,267.43
TSLA,2016-10-01 00:00:00+07,2016-10-31,13.182
AMZN,2021-12-01 00:00:00+07,2021-12-31,166.717
AAPL,2016-10-01 00:00:00+07,2016-10-31,26.1227
NVDA,1999-12-01 00:00:00+07,1999-12-31,0.0896361
NVDA,2009-05-01 00:00:00+07,2009-05-29,0.239163
TSLA,2025-05-01 00:00:00+07,2025-05-30,346.46
AAPL,2000-07-01 00:00:00+07,2000-07-31,0.764651
AMZN,2002-09-01 00:00:00+07,2002-09-30,0.7965
NVDA,2025-05-01 00:00:00+07,2025-05-30,135.13
AAPL,1987-01-01 00:00:00+07,1987-01-30,0.208257
AAPL,1984-10-01 00:00:00+07,1984-10-31,0.0932972
AAPL,2007-06-01 00:00:00+07,2007-06-29,3.67208
AAPL,1995-11-01 00:00:00+07,1995-11-30,0.286761
AMZN,1998-08-01 00:00:00+07,1998-08-31,0.698
NVDA,2020-11-01 00:00:00+07,2020-11-30,13.3641
AMZN,2013-10-01 00:00:00+07,2013-10-31,18.2015
NVDA,2010-08-01 00:00:00+07,2010-08-31,0.21368
AMZN,2025-08-01 00:00:00+07,2025-08-29,229
MSFT,1989-05-01 00:00:00+07,1989-05-31,0.291999
TSLA,2016-06-01 00:00:00+07,2016-06-30,14.152
MSFT,1990-04-01 00:00:00+07,1990-04-30,0.553274
MSFT,2020-12-01 00:00:00+07,2020-12-31,215
AAPL,2004-08-01 00:00:00+07,2004-08-31,0.519063
NVDA,2001-04-01 00:00:00+07,2001-04-30,0.318186
TSLA,2018-04-01 00:00:00+07,2018-04-30,19.5933
AMZN,2006-08-01 00:00:00+07,2006-08-31,1.5415
AMZN,2010-05-01 00:00:00+07,2010-05-28,6.273
AAPL,1989-09-01 00:00:00+07,1989-09-29,0.334676
AMZN,2014-01-01 00:00:00+07,2014-01-31,17.9345
MSFT,1992-12-01 00:00:00+07,1992-12-31,1.83672
AAPL,2023-12-01 00:00:00+07,2023-12-29,191.382
AMZN,2014-05-01 00:00:00+07,2014-05-30,15.6275
MSFT,2017-07-01 00:00:00+07,2017-07-31,66.6662
NVDA,1999-11-01 00:00:00+07,1999-11-30,0.066251
MSFT,1986-11-01 00:00:00+07,1986-11-28,0.115141
MSFT,2022-12-01 00:00:00+07,2022-12-30,235.949
NVDA,2001-05-01 00:00:00+07,2001-05-31,0.327121
NVDA,1999-02-01 00:00:00+07,1999-02-26,0.0419634
NVDA,2023-06-01 00:00:00+07,2023-06-30,42.2828
AAPL,1999-07-01 00:00:00+07,1999-07-30,0.418927
AMZN,2021-07-01 00:00:00+07,2021-07-30,166.38
AAPL,1998-12-01 00:00:00+07,1998-12-31,0.307988
NVDA,2014-08-01 00:00:00+07,2014-08-29,0.464877
NVDA,2020-02-01 00:00:00+07,2020-02-28,6.72787
TSLA,2010-07-01 00:00:00+07,2010-07-30,1.32933
MSFT,2004-01-01 00:00:00+07,2004-01-30,19.0627
AAPL,1998-04-01 00:00:00+07,1998-04-30,0.20589
TSLA,2013-01-01 00:00:00+07,2013-01-31,2.50067
MSFT,2022-04-01 00:00:00+07,2022-04-29,271.065
AAPL,2024-10-01 00:00:00+07,2024-10-31,225.414
NVDA,2025-06-01 00:00:00+07,2025-06-30,157.99
NVDA,2024-10-01 00:00:00+07,2024-10-31,132.751
TSLA,2024-05-01 00:00:00+07,2024-05-31,178.08
NVDA,2019-01-01 00:00:00+07,2019-01-31,3.56479
MSFT,1986-06-01 00:00:00+07,1986-06-30,0.0768932
NVDA,2023-05-01 00:00:00+07,2023-05-31,37.813
AAPL,2006-12-01 00:00:00+07,2006-12-29,2.55286
AAPL,2002-04-01 00:00:00+07,2002-04-30,0.365088
AAPL,2017-01-01 00:00:00+07,2017-01-31,28.0669
AMZN,2003-05-01 00:00:00+07,2003-05-30,1.7945
MSFT,2005-12-01 00:00:00+07,2005-12-30,20.0949
AMZN,2016-05-01 00:00:00+07,2016-05-31,36.1395
NVDA,2022-12-01 00:00:00+07,2022-12-30,14.6034
TSLA,2019-12-01 00:00:00+07,2019-12-31,27.8887
AAPL,2023-11-01 00:00:00+07,2023-11-30,188.816
AAPL,2022-05-01 00:00:00+07,2022-05-31,146.682
MSFT,1995-12-01 00:00:00+07,1995-12-29,3.78155
NVDA,2012-06-01 00:00:00+07,2012-06-29,0.316807
NVDA,2006-06-01 00:00:00+07,2006-06-30,0.325334
MSFT,2000-01-01 00:00:00+07,2000-01-31,33.748
TSLA,2020-05-01 00:00:00+07,2020-05-29,55.6667
MSFT,2012-06-01 00:00:00+07,2012-06-29,24.4535
AAPL,1990-07-01 00:00:00+07,1990-07-31,0.315981
AMZN,2023-11-01 00:00:00+07,2023-11-30,146.09
AAPL,1999-03-01 00:00:00+07,1999-03-31,0.270254
AAPL,1997-02-01 00:00:00+07,1997-02-28,0.122123
AAPL,2011-11-01 00:00:00+07,2011-11-30,11.502
MSFT,2001-02-01 00:00:00+07,2001-02-28,20.3454
MSFT,1993-02-01 00:00:00+07,1993-02-26,1.79868
NVDA,2012-08-01 00:00:00+07,2012-08-31,0.3217
AAPL,2015-11-01 00:00:00+07,2015-11-30,26.7663
TSLA,2017-07-01 00:00:00+07,2017-07-31,21.5647
AAPL,2013-06-01 00:00:00+07,2013-06-28,12.2606
TSLA,2014-05-01 00:00:00+07,2014-05-30,13.8513
AMZN,1998-02-01 00:00:00+07,1998-02-27,0.321
AAPL,2004-11-01 00:00:00+07,2004-11-30,1.00886
MSFT,2007-11-01 00:00:00+07,2007-11-30,25.8227
MSFT,2022-01-01 00:00:00+07,2022-01-31,303.12
TSLA,2016-12-01 00:00:00+07,2016-12-30,14.246
AMZN,2020-02-01 00:00:00+07,2020-02-28,94.1875
AAPL,2006-11-01 00:00:00+07,2006-11-30,2.75902
MSFT,2005-11-01 00:00:00+07,2005-11-30,21.2716
MSFT,1996-10-01 00:00:00+07,1996-10-31,5.91755
MSFT,1995-11-01 00:00:00+07,1995-11-30,3.75816
NVDA,2024-05-01 00:00:00+07,2024-05-31,109.607
NVDA,2020-08-01 00:00:00+07,2020-08-31,13.3331
MSFT,2012-07-01 00:00:00+07,2012-07-31,23.5578
TSLA,2022-01-01 00:00:00+07,2022-01-31,312.24
AAPL,2001-07-01 00:00:00+07,2001-07-31,0.282602
NVDA,2000-02-01 00:00:00+07,2000-02-29,0.122218
AAPL,1994-11-01 00:00:00+07,1994-11-30,0.280139
AMZN,2016-12-01 00:00:00+07,2016-12-30,37.4935
NVDA,2004-01-01 00:00:00+07,2004-01-30,0.170124
MSFT,2008-12-01 00:00:00+07,2008-12-31,14.9381
AMZN,1999-06-01 00:00:00+07,1999-06-30,3.128
AAPL,1997-05-01 00:00:00+07,1997-05-30,0.125248
AAPL,2019-12-01 00:00:00+07,2019-12-31,71.0911
MSFT,1993-04-01 00:00:00+07,1993-04-30,1.84433
MSFT,1993-07-01 00:00:00+07,1993-07-30,1.59109
NVDA,2022-03-01 00:00:00+07,2022-03-31,27.2454
AAPL,2024-01-01 00:00:00+07,2024-01-31,183.299
MSFT,2015-02-01 00:00:00+07,2015-02-27,37.9228
MSFT,1988-08-01 00:00:00+07,1988-08-31,0.238322
AMZN,2000-08-01 00:00:00+07,2000-08-31,2.075
TSLA,2013-07-01 00:00:00+07,2013-07-31,8.952
TSLA,2025-06-01 00:00:00+07,2025-06-30,317.66
MSFT,1987-07-01 00:00:00+07,1987-07-31,0.222912
AAPL,2017-12-01 00:00:00+07,2017-12-29,39.767
NVDA,2021-10-01 00:00:00+07,2021-10-29,25.522
TSLA,2021-12-01 00:00:00+07,2021-12-31,352.26
AAPL,2005-06-01 00:00:00+07,2005-06-30,1.10769
AAPL,1998-02-01 00:00:00+07,1998-02-27,0.177913
AMZN,2017-07-01 00:00:00+07,2017-07-31,49.389
AAPL,2009-01-01 00:00:00+07,2009-01-30,2.7124
AMZN,2004-07-01 00:00:00+07,2004-07-30,1.946
AAPL,2007-07-01 00:00:00+07,2007-07-31,3.96516
AAPL,2000-06-01 00:00:00+07,2000-06-30,0.788104
TSLA,2022-09-01 00:00:00+07,2022-09-30,265.25
MSFT,2010-08-01 00:00:00+07,2010-08-31,18.039
NVDA,2010-06-01 00:00:00+07,2010-06-30,0.23413
AAPL,1992-03-01 00:00:00+07,1992-03-31,0.438193
AAPL,2017-11-01 00:00:00+07,2017-11-30,40.3809
AMZN,2023-02-01 00:00:00+07,2023-02-28,94.23
AAPL,2003-08-01 00:00:00+07,2003-08-29,0.340123
NVDA,2023-07-01 00:00:00+07,2023-07-31,46.7078
AMZN,2011-10-01 00:00:00+07,2011-10-31,10.6755
AAPL,2025-06-01 00:00:00+07,2025-06-30,205.17
AMZN,2018-06-01 00:00:00+07,2018-06-29,84.99
AMZN,2013-04-01 00:00:00+07,2013-04-30,12.6905
NVDA,2003-06-01 00:00:00+07,2003-06-30,0.17517
AAPL,1997-09-01 00:00:00+07,1997-09-30,0.163139
MSFT,1998-12-01 00:00:00+07,1998-12-31,23.9088
AMZN,1998-07-01 00:00:00+07,1998-07-31,0.924
MSFT,2008-01-01 00:00:00+07,2008-01-31,25.0528
TSLA,2010-12-01 00:00:00+07,2010-12-31,1.77533
AAPL,2025-04-01 00:00:00+07,2025-04-30,212.5
AAPL,2013-11-01 00:00:00+07,2013-11-29,17.3074
MSFT,2009-10-01 00:00:00+07,2009-10-30,21.3134
MSFT,1993-10-01 00:00:00+07,1993-10-29,1.72905
TSLA,2018-08-01 00:00:00+07,2018-08-31,20.1107
NVDA,2004-09-01 00:00:00+07,2004-09-30,0.110976
TSLA,2020-07-01 00:00:00+07,2020-07-31,95.3833
MSFT,2015-04-01 00:00:00+07,2015-04-30,42.0631
MSFT,1989-06-01 00:00:00+07,1989-06-30,0.253613
AMZN,2006-07-01 00:00:00+07,2006-07-31,1.3445
AMZN,2004-09-01 00:00:00+07,2004-09-30,2.043
MSFT,1996-03-01 00:00:00+07,1996-03-29,4.44242
AAPL,2003-04-01 00:00:00+07,2003-04-30,0.213923
MSFT,2021-04-01 00:00:00+07,2021-04-30,244.322
MSFT,2024-09-01 00:00:00+07,2024-09-30,429.44
MSFT,2016-06-01 00:00:00+07,2016-06-30,45.7769
NVDA,2009-09-01 00:00:00+07,2009-09-30,0.344567
AAPL,1986-06-01 00:00:00+07,1986-06-30,0.134482
NVDA,2024-01-01 00:00:00+07,2024-01-31,61.5095
AMZN,2018-05-01 00:00:00+07,2018-05-31,81.481
TSLA,2022-06-01 00:00:00+07,2022-06-30,224.473
MSFT,2004-12-01 00:00:00+07,2004-12-31,20.5356
AMZN,2015-08-01 00:00:00+07,2015-08-31,25.6445
AAPL,2022-04-01 00:00:00+07,2022-04-29,155.138
NVDA,2004-12-01 00:00:00+07,2004-12-31,0.179991
NVDA,2025-02-01 00:00:00+07,2025-02-28,124.92
MSFT,1991-01-01 00:00:00+07,1991-01-31,0.937499
MSFT,2007-12-01 00:00:00+07,2007-12-31,27.3626
AMZN,2015-04-01 00:00:00+07,2015-04-30,21.089
AAPL,2024-08-01 00:00:00+07,2024-08-30,228.497
NVDA,2006-12-01 00:00:00+07,2006-12-29,0.565655
MSFT,1991-10-01 00:00:00+07,1991-10-31,1.34502
TSLA,2015-01-01 00:00:00+07,2015-01-30,13.5733
NVDA,2009-07-01 00:00:00+07,2009-07-31,0.296499
AAPL,1999-10-01 00:00:00+07,1999-10-29,0.602732
TSLA,2019-06-01 00:00:00+07,2019-06-28,14.8973
AAPL,2016-06-01 00:00:00+07,2016-06-30,21.879
AMZN,2005-01-01 00:00:00+07,2005-01-31,2.161
AMZN,2016-01-01 00:00:00+07,2016-01-29,29.2805
NVDA,2011-10-01 00:00:00+07,2011-10-31,0.339333
MSFT,2023-12-01 00:00:00+07,2023-12-29,373.249
AAPL,2008-08-01 00:00:00+07,2008-08-29,5.10124
TSLA,2010-09-01 00:00:00+07,2010-09-30,1.36067
AMZN,2017-05-01 00:00:00+07,2017-05-31,49.731
AMZN,2010-04-01 00:00:00+07,2010-04-30,6.855
AAPL,1998-11-01 00:00:00+07,1998-11-30,0.240434
AAPL,2022-08-01 00:00:00+07,2022-08-31,155.156
TSLA,2014-07-01 00:00:00+07,2014-07-31,14.8867
AMZN,2011-03-01 00:00:00+07,2011-03-31,9.0065
NVDA,2008-08-01 00:00:00+07,2008-08-29,0.289838
NVDA,2020-04-01 00:00:00+07,2020-04-30,7.28084
TSLA,2022-05-01 00:00:00+07,2022-05-31,252.753
AMZN,2024-11-01 00:00:00+07,2024-11-29,207.89
NVDA,2010-09-01 00:00:00+07,2010-09-30,0.267758
NVDA,2019-09-01 00:00:00+07,2019-09-30,4.33052
AAPL,2008-12-01 00:00:00+07,2008-12-31,2.56882
AMZN,2003-10-01 00:00:00+07,2003-10-31,2.7215
MSFT,1999-02-01 00:00:00+07,1999-02-26,25.8771
MSFT,2015-12-01 00:00:00+07,2015-12-31,48.9353
AAPL,2018-02-01 00:00:00+07,2018-02-28,42.0326
NVDA,2021-05-01 00:00:00+07,2021-05-28,16.2079
AAPL,2002-12-01 00:00:00+07,2002-12-31,0.215794
AMZN,2017-09-01 00:00:00+07,2017-09-29,48.0675
AAPL,1995-10-01 00:00:00+07,1995-10-31,0.27327
MSFT,1998-09-01 00:00:00+07,1998-09-30,18.978
MSFT,2016-07-01 00:00:00+07,2016-07-29,50.7073
MSFT,2021-10-01 00:00:00+07,2021-10-29,322.644
AMZN,2022-02-01 00:00:00+07,2022-02-28,153.563
AAPL,2003-07-01 00:00:00+07,2003-07-31,0.317232
AAPL,2017-08-01 00:00:00+07,2017-08-31,38.3982
NVDA,2015-10-01 00:00:00+07,2015-10-30,0.68959
AAPL,2022-11-01 00:00:00+07,2022-11-30,146.328
TSLA,2018-11-01 00:00:00+07,2018-11-30,23.3653
AMZN,1997-11-01 00:00:00+07,1997-11-28,0.206
MSFT,2014-07-01 00:00:00+07,2014-07-31,36.6003
MSFT,1987-10-01 00:00:00+07,1987-10-30,0.238322
NVDA,2008-11-01 00:00:00+07,2008-11-28,0.171264
TSLA,2018-05-01 00:00:00+07,2018-05-31,18.982
NVDA,2016-09-01 00:00:00+07,2016-09-30,1.68548
AAPL,2025-05-01 00:00:00+07,2025-05-30,200.85
AMZN,2021-02-01 00:00:00+07,2021-02-26,154.646
MSFT,2020-02-01 00:00:00+07,2020-02-28,155.378
AAPL,2012-08-01 00:00:00+07,2012-08-31,20.1044
AAPL,2004-12-01 00:00:00+07,2004-12-31,0.969045
NVDA,2019-07-01 00:00:00+07,2019-07-31,4.19304
NVDA,2008-03-01 00:00:00+07,2008-03-31,0.453784
AAPL,2008-02-01 00:00:00+07,2008-02-29,3.76205
AAPL,2005-05-01 00:00:00+07,2005-05-31,1.19658
MSFT,2007-07-01 00:00:00+07,2007-07-31,22.2815
AAPL,1999-02-01 00:00:00+07,1999-02-26,0.262093
TSLA,2025-01-01 00:00:00+07,2025-01-31,404.6
MSFT,2005-01-01 00:00:00+07,2005-01-31,20.1976
NVDA,2018-03-01 00:00:00+07,2018-03-29,5.73067
AAPL,2018-08-01 00:00:00+07,2018-08-31,54.1049
AMZN,1999-07-01 00:00:00+07,1999-07-30,2.5015
AAPL,1989-08-01 00:00:00+07,1989-08-31,0.334676
MSFT,2020-01-01 00:00:00+07,2020-01-31,162.823
AMZN,2008-04-01 00:00:00+07,2008-04-30,3.9315
AAPL,1988-02-01 00:00:00+07,1988-02-29,0.323551
AMZN,2022-03-01 00:00:00+07,2022-03-31,162.998
MSFT,1992-10-01 00:00:00+07,1992-10-30,1.91383
MSFT,2015-06-01 00:00:00+07,2015-06-30,38.4317
